[{"model": "realtime.notification", "pk": 1, "fields": {"user": 1, "event": "liked_post", "sender_id": 9, "subject_data": "like", "subject_id": 324, "subject_text_preview": null, "object_data": "post", "object_id": 48, "object_text_preview": "awdadwadaw awdwadaw  😉  😆  😄  😀", "time_creation": "2023-02-27T08:56:39.122Z"}}, {"model": "realtime.notification", "pk": 2, "fields": {"user": 1, "event": "commented_post", "sender_id": 5, "subject_data": "comment", "subject_id": 46, "subject_text_preview": "ok", "object_data": "post", "object_id": 48, "object_text_preview": "awdadwadaw awdwadaw  😉  😆  😄  😀", "time_creation": "2023-02-27T08:59:55.560Z"}}, {"model": "realtime.notification", "pk": 3, "fields": {"user": 1, "event": "replied_comment", "sender_id": 4, "subject_data": "reply", "subject_id": 8, "subject_text_preview": "ok", "object_data": "comment", "object_id": 35, "object_text_preview": "z", "time_creation": "2023-02-27T09:01:18.057Z"}}, {"model": "realtime.notification", "pk": 4, "fields": {"user": 1, "event": "liked_post", "sender_id": 5, "subject_data": "like", "subject_id": 325, "subject_text_preview": null, "object_data": "post", "object_id": 47, "object_text_preview": "wawdawdw 😀  😘  🙃  😄 awkdawdka azakwka awdwa  😀  🙂  🙃  😃", "time_creation": "2023-02-27T09:08:57.049Z"}}, {"model": "realtime.notification", "pk": 5, "fields": {"user": 1, "event": "liked_post", "sender_id": 7, "subject_data": "like", "subject_id": 326, "subject_text_preview": null, "object_data": "post", "object_id": 48, "object_text_preview": "awdadwadaw awdwadaw  😉  😆  😄  😀", "time_creation": "2023-02-27T09:31:19.409Z"}}, {"model": "realtime.notification", "pk": 6, "fields": {"user": 1, "event": "liked_post", "sender_id": 3, "subject_data": "like", "subject_id": 327, "subject_text_preview": null, "object_data": "post", "object_id": 48, "object_text_preview": "awdadwadaw awdwadaw  😉  😆  😄  😀", "time_creation": "2023-02-27T09:55:42.219Z"}}, {"model": "realtime.notification", "pk": 7, "fields": {"user": 1, "event": "commented_post", "sender_id": 2, "subject_data": "comment", "subject_id": 47, "subject_text_preview": "okeee", "object_data": "post", "object_id": 48, "object_text_preview": "awdadwadaw awdwadaw  😉  😆  😄  😀", "time_creation": "2023-02-27T09:58:13.032Z"}}, {"model": "realtime.notification", "pk": 8, "fields": {"user": 1, "event": "liked_post", "sender_id": 9, "subject_data": "like", "subject_id": 328, "subject_text_preview": null, "object_data": "post", "object_id": 48, "object_text_preview": "awdadwadaw awdwadaw  😉  😆  😄  😀", "time_creation": "2023-02-27T10:01:29.446Z"}}, {"model": "realtime.notification", "pk": 9, "fields": {"user": 1, "event": "liked_post", "sender_id": 1, "subject_data": "like", "subject_id": 329, "subject_text_preview": null, "object_data": "post", "object_id": 48, "object_text_preview": "awdadwadaw awdwadaw  😉  😆  😄  😀", "time_creation": "2023-03-01T09:08:16.737Z"}}, {"model": "realtime.notification", "pk": 10, "fields": {"user": 1, "event": "liked_post", "sender_id": 7, "subject_data": "like", "subject_id": 332, "subject_text_preview": null, "object_data": "post", "object_id": 46, "object_text_preview": "bebebeb", "time_creation": "2023-03-02T03:28:16.623Z"}}, {"model": "realtime.notification", "pk": 11, "fields": {"user": 1, "event": "liked_post", "sender_id": 3, "subject_data": "like", "subject_id": 333, "subject_text_preview": null, "object_data": "post", "object_id": 48, "object_text_preview": "awdadwadaw awdwadaw  😉  😆  😄  😀", "time_creation": "2023-03-03T09:52:24.112Z"}}, {"model": "realtime.notification", "pk": 12, "fields": {"user": 1, "event": "liked_post", "sender_id": 8, "subject_data": "like", "subject_id": 334, "subject_text_preview": null, "object_data": "post", "object_id": 47, "object_text_preview": "wawdawdw 😀  😘  🙃  😄 awkdawdka azakwka awdwa  😀  🙂  🙃  😃", "time_creation": "2023-03-03T09:52:54.102Z"}}, {"model": "realtime.notification", "pk": 13, "fields": {"user": 1, "event": "liked_post", "sender_id": 5, "subject_data": "like", "subject_id": 335, "subject_text_preview": null, "object_data": "post", "object_id": 47, "object_text_preview": "wawdawdw 😀  😘  🙃  😄 awkdawdka azakwka awdwa  😀  🙂  🙃  😃", "time_creation": "2023-03-03T09:58:07.215Z"}}, {"model": "realtime.notification", "pk": 14, "fields": {"user": 1, "event": "liked_post", "sender_id": 6, "subject_data": "like", "subject_id": 336, "subject_text_preview": null, "object_data": "post", "object_id": 45, "object_text_preview": "bebebebe", "time_creation": "2023-03-03T09:58:29.130Z"}}, {"model": "realtime.notification", "pk": 15, "fields": {"user": 1, "event": "liked_post", "sender_id": 8, "subject_data": "like", "subject_id": 337, "subject_text_preview": null, "object_data": "post", "object_id": 48, "object_text_preview": "awdadwadaw awdwadaw  😉  😆  😄  😀", "time_creation": "2023-03-03T09:59:11.705Z"}}, {"model": "realtime.notification", "pk": 16, "fields": {"user": 1, "event": "liked_post", "sender_id": 5, "subject_data": "like", "subject_id": 338, "subject_text_preview": null, "object_data": "post", "object_id": 48, "object_text_preview": "awdadwadaw awdwadaw  😉  😆  😄  😀", "time_creation": "2023-03-03T09:59:29.592Z"}}, {"model": "realtime.notification", "pk": 17, "fields": {"user": 1, "event": "liked_post", "sender_id": 7, "subject_data": "like", "subject_id": 339, "subject_text_preview": null, "object_data": "post", "object_id": 48, "object_text_preview": "awdadwadaw awdwadaw  😉  😆  😄  😀", "time_creation": "2023-03-03T09:59:55.384Z"}}, {"model": "realtime.notification", "pk": 18, "fields": {"user": 1, "event": "liked_post", "sender_id": 2, "subject_data": "like", "subject_id": 340, "subject_text_preview": null, "object_data": "post", "object_id": 48, "object_text_preview": "awdadwadaw awdwadaw  😉  😆  😄  😀", "time_creation": "2023-03-03T10:01:13.109Z"}}, {"model": "realtime.client", "pk": 14, "fields": {"user": 1, "channel_name": "specific.113e2ef77a6e42389df1c6d3775bc9fa!22b55d0b1395411cb24a679a2efb8622", "server": "app_notification"}}, {"model": "realtime.client", "pk": 15, "fields": {"user": 1, "channel_name": "specific.59f69447c6be411c928128693adc9284!b00622e0daee4007bb494a5556094e24", "server": "app_notification"}}, {"model": "realtime.client", "pk": 16, "fields": {"user": 1, "channel_name": "specific.075fe3e9bb824e4085fea7c93dd48b1a!87f4bab23e784dd9850fc2cba18004ea", "server": "app_notification"}}, {"model": "realtime.client", "pk": 18, "fields": {"user": 1, "channel_name": "specific.bb74bc50821f457bbcf5a643a7e765eb!bbd7778a188342dfb1ed10b66616857d", "server": "app_notification"}}, {"model": "realtime.client", "pk": 19, "fields": {"user": 1, "channel_name": "specific.f355edf9329f4dd7bd9838096e7fb209!64e3e61ec4db416599a8ba957b41ecca", "server": "app_notification"}}, {"model": "realtime.client", "pk": 20, "fields": {"user": 1, "channel_name": "specific.7e64b81f58994730a866a6058764740c!0283c80ea9a34d0787f02a41ffe0608c", "server": "app_notification"}}, {"model": "realtime.client", "pk": 21, "fields": {"user": 1, "channel_name": "specific.692ad67bdfbf4385ad330b820d7a46de!ff27673a84fc4ebc82114fa4104338cc", "server": "app_notification"}}, {"model": "realtime.client", "pk": 25, "fields": {"user": 1, "channel_name": "specific.9486cd9ddae745e393d1822c7d37d723!36e133007a22443eb2e0b45e2e30126c", "server": "app_notification"}}, {"model": "realtime.client", "pk": 26, "fields": {"user": 1, "channel_name": "specific.d0f7b4dffd464e20b25615e0889bd471!33d2f36ac0394a43a114909ca464a66a", "server": "app_notification"}}, {"model": "realtime.clientsocketdata", "pk": 1, "fields": {"user": 1, "last_read_id_in_server": 18, "server_name": "notification_1"}}, {"model": "realtime.clientsocketdata", "pk": 2, "fields": {"user": 4, "last_read_id_in_server": 0, "server_name": "notification_4"}}, {"model": "realtime.chatroom", "pk": 1, "fields": {"type": "twoperson", "time_creation": "2023-03-04T14:07:46.272Z", "user": [1, 2]}}, {"model": "realtime.chatroom", "pk": 2, "fields": {"type": "twoperson", "time_creation": "2023-03-05T02:34:08.839Z", "user": [1, 3]}}, {"model": "realtime.chatroom", "pk": 3, "fields": {"type": "twoperson", "time_creation": "2023-03-05T02:35:22.719Z", "user": [1, 4]}}, {"model": "realtime.chatroom", "pk": 7, "fields": {"type": "twoperson", "time_creation": "2023-03-07T02:21:55.863Z", "user": [1, 5]}}, {"model": "realtime.chat", "pk": 1, "fields": {"sender": 1, "text": "hello", "time_creation": "2023-03-06T04:14:16.890Z", "time_update": "2023-03-06T04:14:16.890Z", "forwarded": false, "reply_from": null, "room": [1]}}, {"model": "realtime.chat", "pk": 2, "fields": {"sender": 2, "text": "hi", "time_creation": "2023-03-06T04:14:59.904Z", "time_update": "2023-03-06T04:14:59.904Z", "forwarded": false, "reply_from": null, "room": [1]}}, {"model": "realtime.chat", "pk": 3, "fields": {"sender": 1, "text": "sup", "time_creation": "2023-03-06T04:15:21.685Z", "time_update": "2023-03-06T04:15:21.685Z", "forwarded": false, "reply_from": null, "room": [1]}}, {"model": "realtime.chat", "pk": 4, "fields": {"sender": 3, "text": "hi you", "time_creation": "2023-03-06T04:15:58.124Z", "time_update": "2023-03-06T04:15:58.124Z", "forwarded": false, "reply_from": null, "room": [2]}}, {"model": "realtime.chat", "pk": 5, "fields": {"sender": 1, "text": "supppp", "time_creation": "2023-03-06T04:16:39.402Z", "time_update": "2023-03-06T04:16:39.402Z", "forwarded": false, "reply_from": null, "room": [2]}}, {"model": "realtime.chat", "pk": 6, "fields": {"sender": 1, "text": "hiiii", "time_creation": "2023-03-06T04:17:14.050Z", "time_update": "2023-03-06T04:17:14.050Z", "forwarded": false, "reply_from": null, "room": [2]}}, {"model": "realtime.chat", "pk": 7, "fields": {"sender": 1, "text": "heloooooooooooo", "time_creation": "2023-03-06T04:17:36.539Z", "time_update": "2023-03-06T04:17:36.539Z", "forwarded": false, "reply_from": null, "room": [3]}}, {"model": "realtime.chat", "pk": 8, "fields": {"sender": 4, "text": "hiii", "time_creation": "2023-03-06T04:18:11.516Z", "time_update": "2023-03-06T04:18:11.516Z", "forwarded": false, "reply_from": null, "room": [3]}}, {"model": "realtime.chat", "pk": 9, "fields": {"sender": 4, "text": "yoooo", "time_creation": "2023-03-06T04:18:29.358Z", "time_update": "2023-03-06T04:18:29.358Z", "forwarded": false, "reply_from": null, "room": [3]}}, {"model": "realtime.chat", "pk": 10, "fields": {"sender": 1, "text": "lalala", "time_creation": "2023-03-07T13:17:22.709Z", "time_update": "2023-03-07T13:17:22.709Z", "forwarded": false, "reply_from": null, "room": [3]}}, {"model": "realtime.chat", "pk": 80, "fields": {"sender": 1, "text": "test", "time_creation": "2023-03-08T02:21:29.121Z", "time_update": "2023-03-08T02:21:29.166Z", "forwarded": false, "reply_from": null, "room": [3]}}, {"model": "realtime.chat", "pk": 123, "fields": {"sender": 1, "text": "test", "time_creation": "2023-03-08T03:43:56.133Z", "time_update": "2023-03-08T03:43:56.185Z", "forwarded": false, "reply_from": null, "room": [3]}}, {"model": "realtime.chat", "pk": 124, "fields": {"sender": 1, "text": "test", "time_creation": "2023-03-08T03:43:59.631Z", "time_update": "2023-03-08T03:43:59.699Z", "forwarded": false, "reply_from": null, "room": [3]}}, {"model": "realtime.chat", "pk": 125, "fields": {"sender": 1, "text": "test", "time_creation": "2023-03-08T03:44:02.607Z", "time_update": "2023-03-08T03:44:02.647Z", "forwarded": false, "reply_from": null, "room": [3]}}, {"model": "realtime.chat", "pk": 126, "fields": {"sender": 1, "text": "test", "time_creation": "2023-03-08T03:44:05.241Z", "time_update": "2023-03-08T03:44:05.298Z", "forwarded": false, "reply_from": null, "room": [3]}}, {"model": "realtime.chat", "pk": 127, "fields": {"sender": 1, "text": "test", "time_creation": "2023-03-08T03:44:08.548Z", "time_update": "2023-03-08T03:44:08.607Z", "forwarded": false, "reply_from": null, "room": [3]}}, {"model": "realtime.chat", "pk": 128, "fields": {"sender": 4, "text": "woy ngapaen", "time_creation": "2023-03-08T04:20:37.361Z", "time_update": "2023-03-08T04:20:37.432Z", "forwarded": false, "reply_from": null, "room": [3]}}, {"model": "realtime.chat", "pk": 129, "fields": {"sender": 4, "text": "hello", "time_creation": "2023-03-08T04:20:55.392Z", "time_update": "2023-03-08T04:20:55.505Z", "forwarded": false, "reply_from": null, "room": [3]}}, {"model": "realtime.chat", "pk": 130, "fields": {"sender": 4, "text": "lagi apa cok", "time_creation": "2023-03-08T04:21:04.032Z", "time_update": "2023-03-08T04:21:04.100Z", "forwarded": false, "reply_from": null, "room": [3]}}, {"model": "realtime.chat", "pk": 131, "fields": {"sender": 1, "text": "hello", "time_creation": "2023-03-08T04:21:53.617Z", "time_update": "2023-03-08T04:21:53.674Z", "forwarded": false, "reply_from": null, "room": [3]}}, {"model": "realtime.chat", "pk": 132, "fields": {"sender": 4, "text": "cok cok", "time_creation": "2023-03-08T04:22:47.715Z", "time_update": "2023-03-08T04:22:47.789Z", "forwarded": false, "reply_from": null, "room": [3]}}, {"model": "realtime.chat", "pk": 133, "fields": {"sender": 4, "text": "anjay", "time_creation": "2023-03-08T04:22:55.130Z", "time_update": "2023-03-08T04:22:55.186Z", "forwarded": false, "reply_from": null, "room": [3]}}, {"model": "realtime.chat", "pk": 134, "fields": {"sender": 1, "text": "jjj\n", "time_creation": "2023-03-10T04:37:56.510Z", "time_update": "2023-03-10T04:37:56.548Z", "forwarded": false, "reply_from": null, "room": [2]}}, {"model": "app.post", "pk": 1, "fields": {"user": 1, "text": "test", "time_creation": "2022-12-26T12:09:51.578Z"}}, {"model": "app.post", "pk": 2, "fields": {"user": 1, "text": "second post", "time_creation": "2022-12-26T12:11:38.208Z"}}, {"model": "app.post", "pk": 3, "fields": {"user": 1, "text": "test", "time_creation": "2022-12-27T09:47:55.685Z"}}, {"model": "app.post", "pk": 44, "fields": {"user": 1, "text": "cobacoba", "time_creation": "2023-01-25T02:48:03.937Z"}}, {"model": "app.post", "pk": 45, "fields": {"user": 1, "text": "bebebebe", "time_creation": "2023-01-25T02:49:01.987Z"}}, {"model": "app.post", "pk": 46, "fields": {"user": 1, "text": "bebebeb", "time_creation": "2023-01-28T06:49:23.809Z"}}, {"model": "app.post", "pk": 47, "fields": {"user": 1, "text": "wawdawdw 😀  😘  🙃  😄 awkdawdka azakwka awdwa  😀  🙂  🙃  😃", "time_creation": "2023-02-11T11:23:04.586Z"}}, {"model": "app.post", "pk": 48, "fields": {"user": 1, "text": "awdadwadaw awdwadaw  😉  😆  😄  😀", "time_creation": "2023-02-11T11:25:37.249Z"}}, {"model": "app.save", "pk": 20, "fields": {"user": 1, "post": 3}}, {"model": "app.save", "pk": 21, "fields": {"user": 1, "post": 2}}, {"model": "app.save", "pk": 22, "fields": {"user": 1, "post": 48}}, {"model": "app.comment", "pk": 10, "fields": {"post": 1, "user": 1, "text": "awdawdawd", "time_creation": "2023-01-21T07:46:32.252Z"}}, {"model": "app.comment", "pk": 11, "fields": {"post": 1, "user": 3, "text": "awdawdawd", "time_creation": "2023-01-21T07:46:37.201Z"}}, {"model": "app.comment", "pk": 12, "fields": {"post": 1, "user": 4, "text": "awdawdawdaw", "time_creation": "2023-01-21T07:46:42.551Z"}}, {"model": "app.comment", "pk": 13, "fields": {"post": 1, "user": 2, "text": "wokeeee", "time_creation": "2023-01-21T07:46:48.984Z"}}, {"model": "app.comment", "pk": 14, "fields": {"post": 2, "user": 3, "text": "zz", "time_creation": "2023-01-21T07:46:57.668Z"}}, {"model": "app.comment", "pk": 15, "fields": {"post": 2, "user": 4, "text": "eaeaea", "time_creation": "2023-01-21T07:47:04.266Z"}}, {"model": "app.comment", "pk": 16, "fields": {"post": 2, "user": 1, "text": "aeaeaeaea", "time_creation": "2023-01-21T07:47:08.787Z"}}, {"model": "app.comment", "pk": 17, "fields": {"post": 2, "user": 2, "text": "ggg", "time_creation": "2023-01-21T07:47:16.187Z"}}, {"model": "app.comment", "pk": 18, "fields": {"post": 3, "user": 2, "text": "eaeaeaae", "time_creation": "2023-01-21T07:47:22.651Z"}}, {"model": "app.comment", "pk": 19, "fields": {"post": 3, "user": 4, "text": "eagaeg", "time_creation": "2023-01-21T07:47:27.738Z"}}, {"model": "app.comment", "pk": 20, "fields": {"post": 3, "user": 3, "text": "gaegg", "time_creation": "2023-01-21T07:47:33.865Z"}}, {"model": "app.comment", "pk": 21, "fields": {"post": 3, "user": 1, "text": "gg", "time_creation": "2023-01-21T07:47:41.033Z"}}, {"model": "app.comment", "pk": 22, "fields": {"post": 3, "user": 1, "text": "awdawdawd", "time_creation": "2023-01-21T07:59:41.401Z"}}, {"model": "app.comment", "pk": 23, "fields": {"post": 3, "user": 3, "text": "halo", "time_creation": "2023-01-21T07:59:49.527Z"}}, {"model": "app.comment", "pk": 24, "fields": {"post": 3, "user": 4, "text": "halo guysssssss", "time_creation": "2023-01-21T07:59:56.237Z"}}, {"model": "app.comment", "pk": 25, "fields": {"post": 3, "user": 4, "text": "sup", "time_creation": "2023-01-21T08:00:07.258Z"}}, {"model": "app.comment", "pk": 26, "fields": {"post": 3, "user": 2, "text": "sup yyy", "time_creation": "2023-01-21T08:00:14.141Z"}}, {"model": "app.comment", "pk": 27, "fields": {"post": 3, "user": 1, "text": "testing", "time_creation": "2023-01-21T14:09:07.512Z"}}, {"model": "app.comment", "pk": 28, "fields": {"post": 3, "user": 1, "text": "halo apa kabar", "time_creation": "2023-01-21T14:09:13.221Z"}}, {"model": "app.comment", "pk": 29, "fields": {"post": 3, "user": 1, "text": "cok cok", "time_creation": "2023-01-21T14:09:18.339Z"}}, {"model": "app.comment", "pk": 30, "fields": {"post": 3, "user": 1, "text": "hehehe", "time_creation": "2023-01-21T14:10:35.946Z"}}, {"model": "app.comment", "pk": 31, "fields": {"post": 3, "user": 1, "text": "eaeaea", "time_creation": "2023-01-21T14:10:39.447Z"}}, {"model": "app.comment", "pk": 32, "fields": {"post": 3, "user": 1, "text": "heage", "time_creation": "2023-01-21T14:11:19.966Z"}}, {"model": "app.comment", "pk": 33, "fields": {"post": 3, "user": 1, "text": "aaa", "time_creation": "2023-01-21T14:11:24.403Z"}}, {"model": "app.comment", "pk": 34, "fields": {"post": 3, "user": 1, "text": "bbb", "time_creation": "2023-01-21T14:11:28.236Z"}}, {"model": "app.comment", "pk": 35, "fields": {"post": 3, "user": 1, "text": "z", "time_creation": "2023-01-21T14:15:53.680Z"}}, {"model": "app.comment", "pk": 44, "fields": {"post": 48, "user": 1, "text": "😚  😗", "time_creation": "2023-02-12T00:20:39.228Z"}}, {"model": "app.comment", "pk": 45, "fields": {"post": 48, "user": 8, "text": "hi", "time_creation": "2023-02-27T02:20:30.702Z"}}, {"model": "app.comment", "pk": 46, "fields": {"post": 48, "user": 5, "text": "ok", "time_creation": "2023-02-27T08:59:55.558Z"}}, {"model": "app.comment", "pk": 47, "fields": {"post": 48, "user": 2, "text": "okeee", "time_creation": "2023-02-27T09:58:13.027Z"}}, {"model": "app.comment", "pk": 48, "fields": {"post": 48, "user": 1, "text": "kkk", "time_creation": "2023-03-10T04:38:59.767Z"}}, {"model": "app.comment", "pk": 49, "fields": {"post": 2, "user": 1, "text": "kkk", "time_creation": "2023-03-10T04:39:46.199Z"}}, {"model": "app.reply", "pk": 1, "fields": {"comment": 35, "user": 1, "text": "eaeaea", "time_creation": "2023-01-22T11:05:32.282Z"}}, {"model": "app.reply", "pk": 2, "fields": {"comment": 35, "user": 3, "text": "gaegaegaegae", "time_creation": "2023-01-22T11:05:38.755Z"}}, {"model": "app.reply", "pk": 3, "fields": {"comment": 35, "user": 4, "text": "ggg", "time_creation": "2023-01-22T11:05:44.442Z"}}, {"model": "app.reply", "pk": 4, "fields": {"comment": 35, "user": 2, "text": "zzzzzz", "time_creation": "2023-01-22T11:05:49.865Z"}}, {"model": "app.reply", "pk": 5, "fields": {"comment": 35, "user": 3, "text": "zzz", "time_creation": "2023-01-22T11:05:59.129Z"}}, {"model": "app.reply", "pk": 8, "fields": {"comment": 35, "user": 4, "text": "ok", "time_creation": "2023-02-27T09:01:18.050Z"}}, {"model": "app.like", "pk": 328, "fields": {"user": 9, "post": 48, "comment": null, "reply": null, "time_creation": "2023-02-27T10:01:29.440Z"}}, {"model": "app.like", "pk": 332, "fields": {"user": 7, "post": 46, "comment": null, "reply": null, "time_creation": "2023-03-02T03:28:16.620Z"}}, {"model": "app.like", "pk": 333, "fields": {"user": 3, "post": 48, "comment": null, "reply": null, "time_creation": "2023-03-03T09:52:24.110Z"}}, {"model": "app.like", "pk": 334, "fields": {"user": 8, "post": 47, "comment": null, "reply": null, "time_creation": "2023-03-03T09:52:54.099Z"}}, {"model": "app.like", "pk": 335, "fields": {"user": 5, "post": 47, "comment": null, "reply": null, "time_creation": "2023-03-03T09:58:07.210Z"}}, {"model": "app.like", "pk": 336, "fields": {"user": 6, "post": 45, "comment": null, "reply": null, "time_creation": "2023-03-03T09:58:29.125Z"}}, {"model": "app.like", "pk": 337, "fields": {"user": 8, "post": 48, "comment": null, "reply": null, "time_creation": "2023-03-03T09:59:11.701Z"}}, {"model": "app.like", "pk": 338, "fields": {"user": 5, "post": 48, "comment": null, "reply": null, "time_creation": "2023-03-03T09:59:29.586Z"}}, {"model": "app.like", "pk": 339, "fields": {"user": 7, "post": 48, "comment": null, "reply": null, "time_creation": "2023-03-03T09:59:55.382Z"}}, {"model": "app.like", "pk": 340, "fields": {"user": 2, "post": 48, "comment": null, "reply": null, "time_creation": "2023-03-03T10:01:13.107Z"}}, {"model": "app.like", "pk": 343, "fields": {"user": 1, "post": 48, "comment": null, "reply": null, "time_creation": "2023-03-10T04:38:34.084Z"}}, {"model": "app.like", "pk": 344, "fields": {"user": 1, "post": 2, "comment": null, "reply": null, "time_creation": "2023-03-10T04:39:42.666Z"}}, {"model": "user.customuser", "pk": 1, "fields": {"password": "pbkdf2_sha256$320000$xWUpfNmcRKCBayT4qzyJ2S$tM+lSfOELAvy+5RkIMrX0rWIJF4VcaTCRoZneqjPxmw=", "last_login": "2023-03-23T21:31:24.148Z", "is_superuser": true, "username": "admin", "email": "kucing@gmail.com", "is_staff": true, "is_active": true, "date_joined": "2022-12-19T12:10:24.647Z", "phone_number": "+6281225972197", "email_verified": false, "groups": [], "user_permissions": []}}, {"model": "user.customuser", "pk": 2, "fields": {"password": "pbkdf2_sha256$320000$XnssI59Dr9KltV8swn592b$O2/qTgbJgGwFNJL4nLfcJLBOEPWMQKUW+aB3ylJrNuQ=", "last_login": null, "is_superuser": false, "username": "ricks", "email": "risqiikhsani12@gmail.com", "is_staff": false, "is_active": true, "date_joined": "2022-12-19T12:11:51.565Z", "phone_number": null, "email_verified": false, "groups": [], "user_permissions": []}}, {"model": "user.customuser", "pk": 3, "fields": {"password": "pbkdf2_sha256$320000$b7oT5sgyEH3o6uahmvZtsI$VO89E9SYaS6RNU6ZhXo7tkYYF/fv/nrz5WVgwmNng4Q=", "last_login": null, "is_superuser": false, "username": "jeniffer", "email": "", "is_staff": false, "is_active": true, "date_joined": "2022-12-19T12:12:04.982Z", "phone_number": null, "email_verified": false, "groups": [], "user_permissions": []}}, {"model": "user.customuser", "pk": 4, "fields": {"password": "pbkdf2_sha256$320000$sFOFGfFn8CGdWUFIt9ViHH$NFZueX1hf8g4tKK5g1+4pOYevTDHWye7XaIa0d6Knbs=", "last_login": null, "is_superuser": false, "username": "kevin", "email": "", "is_staff": false, "is_active": true, "date_joined": "2022-12-19T12:12:22.629Z", "phone_number": null, "email_verified": false, "groups": [], "user_permissions": []}}, {"model": "user.customuser", "pk": 5, "fields": {"password": "pbkdf2_sha256$320000$1FYnLT8WYYeevuNmoWUmVX$08s4w8hpZSNhIPRdoHSvsM40iuCP8Z5qALQT2JzULKY=", "last_login": null, "is_superuser": false, "username": "dwaynejohnson", "email": "", "is_staff": false, "is_active": true, "date_joined": "2023-02-04T03:32:55.998Z", "phone_number": null, "email_verified": false, "groups": [], "user_permissions": []}}, {"model": "user.customuser", "pk": 6, "fields": {"password": "pbkdf2_sha256$320000$TpxnM7KfarFizkO271wdfE$K+m/E+IUF+Dzy+PxiEb0gUQsuLrGB3LAQQMCA2AnqPo=", "last_login": null, "is_superuser": false, "username": "kevindurant", "email": "", "is_staff": false, "is_active": true, "date_joined": "2023-02-04T03:33:27.013Z", "phone_number": null, "email_verified": false, "groups": [], "user_permissions": []}}, {"model": "user.customuser", "pk": 7, "fields": {"password": "pbkdf2_sha256$320000$ll75bWQPhzK9FzmrvvA3YK$EQ+/x1IST+H/uWkbpLxskW0HM5DpZFAQa81NgkdHu3s=", "last_login": null, "is_superuser": false, "username": "stevenz", "email": "", "is_staff": false, "is_active": true, "date_joined": "2023-02-04T03:34:15.107Z", "phone_number": null, "email_verified": false, "groups": [], "user_permissions": []}}, {"model": "user.customuser", "pk": 8, "fields": {"password": "pbkdf2_sha256$320000$GcaCPMOC6HGECFy1MdfhAp$a6sQnz+shrGIFEjxagE69yyK8qlZlZnEwfCSMnQ7s2Q=", "last_login": null, "is_superuser": false, "username": "anastasia", "email": "", "is_staff": false, "is_active": true, "date_joined": "2023-02-04T03:34:42.750Z", "phone_number": null, "email_verified": false, "groups": [], "user_permissions": []}}, {"model": "user.customuser", "pk": 9, "fields": {"password": "pbkdf2_sha256$320000$XmhYwqeM2M59Q09Pj1o57c$0rIo7dXLK5BqNF2NILmKnjIE74Vq8g/QCP9rNHeHis8=", "last_login": null, "is_superuser": false, "username": "krugger", "email": "", "is_staff": false, "is_active": true, "date_joined": "2023-02-06T14:13:31.212Z", "phone_number": null, "email_verified": false, "groups": [], "user_permissions": []}}, {"model": "user.customuser", "pk": 10, "fields": {"password": "pbkdf2_sha256$320000$VZZWAuyqN6gVr6Zyb0Iwq1$JUQ1Km5ri+XXhbxtFFGr71tifzoPOQbPAbXAqyaJK5I=", "last_login": null, "is_superuser": false, "username": "kucingimut", "email": "kucingimut@gmail.com", "is_staff": false, "is_active": true, "date_joined": "2023-03-16T07:01:46.175Z", "phone_number": null, "email_verified": false, "groups": [], "user_permissions": []}}, {"model": "user.profile", "pk": 2, "fields": {"user": 2, "name": "ricks johnson", "public_username": "wlOyT2hI1TO", "about": "", "profile_picture": "user/2/profile/K2tJkds1MYVDokDCRegk.jpeg", "poster_picture": "user/2/profile/tQ8gCoj6QubaG1tPCWRS.jpg"}}, {"model": "user.profile", "pk": 3, "fields": {"user": 3, "name": "jeniffer lawrance", "public_username": "hz36n3WR9EZ", "about": "", "profile_picture": "user/3/profile/XdXovv5xIrJGvlmfO1AV.jpg", "poster_picture": "user/3/profile/SRDygbn8nd3npQBm2kMR.jpg"}}, {"model": "user.profile", "pk": 4, "fields": {"user": 4, "name": "vinzzz", "public_username": "tFZZ24qXME8", "about": "", "profile_picture": "user/4/profile/FPbYyDQqe53d3ogvaYcs.jpeg", "poster_picture": "user/4/profile/NCDb4IOZsBfxpsAMgSp8.jpg"}}, {"model": "user.profile", "pk": 5, "fields": {"user": 1, "name": "Kevin", "public_username": "admin_true", "about": "edited", "profile_picture": "user/1/profile/KHQQhgGqW31KP5pV2Qg2.jpg", "poster_picture": "user/1/profile/1bmQF1a2kSCOTATDT3ft.jpg"}}, {"model": "user.profile", "pk": 6, "fields": {"user": 5, "name": "dwayne", "public_username": "xO17d5LxzUz", "about": "", "profile_picture": "", "poster_picture": ""}}, {"model": "user.profile", "pk": 7, "fields": {"user": 6, "name": "durrant", "public_username": "Tdglj6ywM1O", "about": "", "profile_picture": "", "poster_picture": ""}}, {"model": "user.profile", "pk": 8, "fields": {"user": 7, "name": "Steven Jackson", "public_username": "W1CcR74MBIt", "about": "", "profile_picture": "", "poster_picture": ""}}, {"model": "user.profile", "pk": 9, "fields": {"user": 8, "name": "Anastasia Lawrance", "public_username": "99Gpu8HqwDW", "about": "", "profile_picture": "", "poster_picture": ""}}, {"model": "user.profile", "pk": 10, "fields": {"user": 9, "name": "krugger", "public_username": "t31GM9wsFVL", "about": "", "profile_picture": "", "poster_picture": ""}}, {"model": "user.profile", "pk": 11, "fields": {"user": 10, "name": "2HePN10GRu2g", "public_username": "2HePN10GRu2g", "about": null, "profile_picture": "", "poster_picture": ""}}, {"model": "user.connection", "pk": 1, "fields": {"user": 1, "connected": [7, 8, 9]}}, {"model": "user.connection", "pk": 2, "fields": {"user": 2, "connected": []}}, {"model": "user.connection", "pk": 3, "fields": {"user": 3, "connected": []}}, {"model": "user.connection", "pk": 4, "fields": {"user": 4, "connected": []}}, {"model": "user.connection", "pk": 5, "fields": {"user": 5, "connected": []}}, {"model": "user.connection", "pk": 6, "fields": {"user": 6, "connected": []}}, {"model": "user.connection", "pk": 7, "fields": {"user": 7, "connected": [1]}}, {"model": "user.connection", "pk": 8, "fields": {"user": 8, "connected": [1]}}, {"model": "user.connection", "pk": 9, "fields": {"user": 9, "connected": [1]}}, {"model": "user.connection", "pk": 10, "fields": {"user": 10, "connected": []}}, {"model": "user.relationship", "pk": 7, "fields": {"user": 1, "to_user": 8, "pin": true, "follow": true, "notification": true, "nickname": "cute", "time_creation": "2023-02-06T10:09:02.715Z"}}, {"model": "user.relationship", "pk": 8, "fields": {"user": 8, "to_user": 1, "pin": false, "follow": true, "notification": false, "nickname": null, "time_creation": "2023-02-06T10:09:02.722Z"}}, {"model": "user.relationship", "pk": 13, "fields": {"user": 1, "to_user": 7, "pin": true, "follow": true, "notification": true, "nickname": "bobobieeee", "time_creation": "2023-02-06T14:06:09.681Z"}}, {"model": "user.relationship", "pk": 14, "fields": {"user": 7, "to_user": 1, "pin": false, "follow": true, "notification": false, "nickname": null, "time_creation": "2023-02-06T14:06:09.685Z"}}, {"model": "user.relationship", "pk": 15, "fields": {"user": 1, "to_user": 9, "pin": false, "follow": true, "notification": false, "nickname": "gege", "time_creation": "2023-02-06T14:21:27.089Z"}}, {"model": "user.relationship", "pk": 16, "fields": {"user": 9, "to_user": 1, "pin": false, "follow": true, "notification": false, "nickname": null, "time_creation": "2023-02-06T14:21:27.094Z"}}, {"model": "admin.logentry", "pk": 1, "fields": {"action_time": "2022-12-19T12:11:51.780Z", "user": 1, "content_type": 8, "object_id": "2", "object_repr": "ricks", "action_flag": 1, "change_message": "[{\"added\": {}}]"}}, {"model": "admin.logentry", "pk": 2, "fields": {"action_time": "2022-12-19T12:12:05.159Z", "user": 1, "content_type": 8, "object_id": "3", "object_repr": "jeniffer", "action_flag": 1, "change_message": "[{\"added\": {}}]"}}, {"model": "admin.logentry", "pk": 3, "fields": {"action_time": "2022-12-19T12:12:22.828Z", "user": 1, "content_type": 8, "object_id": "4", "object_repr": "kevin", "action_flag": 1, "change_message": "[{\"added\": {}}]"}}, {"model": "admin.logentry", "pk": 4, "fields": {"action_time": "2022-12-19T12:19:58.967Z", "user": 1, "content_type": 11, "object_id": "1", "object_repr": "1", "action_flag": 1, "change_message": "[{\"added\": {}}]"}}, {"model": "admin.logentry", "pk": 5, "fields": {"action_time": "2022-12-19T12:20:13.502Z", "user": 1, "content_type": 11, "object_id": "2", "object_repr": "2", "action_flag": 1, "change_message": "[{\"added\": {}}]"}}, {"model": "admin.logentry", "pk": 6, "fields": {"action_time": "2022-12-19T12:20:20.142Z", "user": 1, "content_type": 11, "object_id": "3", "object_repr": "3", "action_flag": 1, "change_message": "[{\"added\": {}}]"}}, {"model": "admin.logentry", "pk": 7, "fields": {"action_time": "2022-12-19T12:20:28.419Z", "user": 1, "content_type": 11, "object_id": "1", "object_repr": "1", "action_flag": 2, "change_message": "[{\"changed\": {\"fields\": [\"User\", \"Sender\"]}}]"}}, {"model": "admin.logentry", "pk": 8, "fields": {"action_time": "2022-12-19T12:20:41.085Z", "user": 1, "content_type": 11, "object_id": "1", "object_repr": "1", "action_flag": 2, "change_message": "[{\"changed\": {\"fields\": [\"User\", \"Sender\"]}}]"}}, {"model": "admin.logentry", "pk": 9, "fields": {"action_time": "2022-12-19T12:20:52.323Z", "user": 1, "content_type": 11, "object_id": "2", "object_repr": "2", "action_flag": 2, "change_message": "[{\"changed\": {\"fields\": [\"User\", \"Sender\"]}}]"}}, {"model": "admin.logentry", "pk": 10, "fields": {"action_time": "2022-12-19T12:21:01.660Z", "user": 1, "content_type": 11, "object_id": "3", "object_repr": "3", "action_flag": 2, "change_message": "[{\"changed\": {\"fields\": [\"User\", \"Sender\"]}}]"}}, {"model": "admin.logentry", "pk": 11, "fields": {"action_time": "2022-12-19T12:21:14.835Z", "user": 1, "content_type": 11, "object_id": "3", "object_repr": "3", "action_flag": 2, "change_message": "[{\"changed\": {\"fields\": [\"User\", \"Sender\"]}}]"}}, {"model": "admin.logentry", "pk": 12, "fields": {"action_time": "2022-12-19T12:21:20.675Z", "user": 1, "content_type": 11, "object_id": "2", "object_repr": "2", "action_flag": 2, "change_message": "[{\"changed\": {\"fields\": [\"User\", \"Sender\"]}}]"}}, {"model": "admin.logentry", "pk": 13, "fields": {"action_time": "2022-12-19T12:21:25.738Z", "user": 1, "content_type": 11, "object_id": "1", "object_repr": "1", "action_flag": 2, "change_message": "[{\"changed\": {\"fields\": [\"User\", \"Sender\"]}}]"}}, {"model": "admin.logentry", "pk": 14, "fields": {"action_time": "2022-12-26T02:56:31.537Z", "user": 1, "content_type": 11, "object_id": "3", "object_repr": "3", "action_flag": 3, "change_message": ""}}, {"model": "admin.logentry", "pk": 15, "fields": {"action_time": "2022-12-26T02:56:31.541Z", "user": 1, "content_type": 11, "object_id": "2", "object_repr": "2", "action_flag": 3, "change_message": ""}}, {"model": "admin.logentry", "pk": 16, "fields": {"action_time": "2022-12-26T02:56:31.545Z", "user": 1, "content_type": 11, "object_id": "1", "object_repr": "1", "action_flag": 3, "change_message": ""}}, {"model": "admin.logentry", "pk": 17, "fields": {"action_time": "2022-12-26T12:10:53.007Z", "user": 1, "content_type": 9, "object_id": "1", "object_repr": "1", "action_flag": 2, "change_message": "[{\"changed\": {\"fields\": [\"Name\", \"Public username\", \"About\"]}}]"}}, {"model": "admin.logentry", "pk": 18, "fields": {"action_time": "2022-12-29T13:14:48.495Z", "user": 1, "content_type": 1, "object_id": "4", "object_repr": "4", "action_flag": 1, "change_message": "[{\"added\": {}}]"}}, {"model": "admin.logentry", "pk": 19, "fields": {"action_time": "2022-12-29T13:15:00.160Z", "user": 1, "content_type": 1, "object_id": "5", "object_repr": "5", "action_flag": 1, "change_message": "[{\"added\": {}}]"}}, {"model": "admin.logentry", "pk": 20, "fields": {"action_time": "2022-12-29T13:16:47.105Z", "user": 1, "content_type": 1, "object_id": "6", "object_repr": "6", "action_flag": 1, "change_message": "[{\"added\": {}}]"}}, {"model": "admin.logentry", "pk": 21, "fields": {"action_time": "2022-12-29T13:16:54.300Z", "user": 1, "content_type": 1, "object_id": "7", "object_repr": "7", "action_flag": 1, "change_message": "[{\"added\": {}}]"}}, {"model": "admin.logentry", "pk": 22, "fields": {"action_time": "2022-12-29T13:17:04.162Z", "user": 1, "content_type": 1, "object_id": "8", "object_repr": "8", "action_flag": 1, "change_message": "[{\"added\": {}}]"}}, {"model": "admin.logentry", "pk": 23, "fields": {"action_time": "2022-12-29T13:17:13.827Z", "user": 1, "content_type": 1, "object_id": "9", "object_repr": "9", "action_flag": 1, "change_message": "[{\"added\": {}}]"}}, {"model": "admin.logentry", "pk": 24, "fields": {"action_time": "2022-12-29T13:17:28.265Z", "user": 1, "content_type": 1, "object_id": "10", "object_repr": "10", "action_flag": 1, "change_message": "[{\"added\": {}}]"}}, {"model": "admin.logentry", "pk": 25, "fields": {"action_time": "2022-12-29T13:17:40.163Z", "user": 1, "content_type": 1, "object_id": "11", "object_repr": "11", "action_flag": 1, "change_message": "[{\"added\": {}}]"}}, {"model": "admin.logentry", "pk": 26, "fields": {"action_time": "2022-12-31T05:16:41.277Z", "user": 1, "content_type": 1, "object_id": "12", "object_repr": "12", "action_flag": 1, "change_message": "[{\"added\": {}}]"}}, {"model": "admin.logentry", "pk": 27, "fields": {"action_time": "2022-12-31T05:16:50.977Z", "user": 1, "content_type": 1, "object_id": "13", "object_repr": "13", "action_flag": 1, "change_message": "[{\"added\": {}}]"}}, {"model": "admin.logentry", "pk": 28, "fields": {"action_time": "2022-12-31T05:16:59.115Z", "user": 1, "content_type": 1, "object_id": "14", "object_repr": "14", "action_flag": 1, "change_message": "[{\"added\": {}}]"}}, {"model": "admin.logentry", "pk": 29, "fields": {"action_time": "2022-12-31T05:17:07.269Z", "user": 1, "content_type": 1, "object_id": "15", "object_repr": "15", "action_flag": 1, "change_message": "[{\"added\": {}}]"}}, {"model": "admin.logentry", "pk": 30, "fields": {"action_time": "2022-12-31T05:17:20.771Z", "user": 1, "content_type": 1, "object_id": "16", "object_repr": "16", "action_flag": 1, "change_message": "[{\"added\": {}}]"}}, {"model": "admin.logentry", "pk": 31, "fields": {"action_time": "2022-12-31T05:17:27.458Z", "user": 1, "content_type": 1, "object_id": "17", "object_repr": "17", "action_flag": 1, "change_message": "[{\"added\": {}}]"}}, {"model": "admin.logentry", "pk": 32, "fields": {"action_time": "2022-12-31T05:17:35.820Z", "user": 1, "content_type": 1, "object_id": "18", "object_repr": "18", "action_flag": 1, "change_message": "[{\"added\": {}}]"}}, {"model": "admin.logentry", "pk": 33, "fields": {"action_time": "2022-12-31T05:17:42.029Z", "user": 1, "content_type": 1, "object_id": "19", "object_repr": "19", "action_flag": 1, "change_message": "[{\"added\": {}}]"}}, {"model": "admin.logentry", "pk": 34, "fields": {"action_time": "2022-12-31T05:17:49.686Z", "user": 1, "content_type": 1, "object_id": "20", "object_repr": "20", "action_flag": 1, "change_message": "[{\"added\": {}}]"}}, {"model": "admin.logentry", "pk": 35, "fields": {"action_time": "2022-12-31T05:17:56.096Z", "user": 1, "content_type": 1, "object_id": "21", "object_repr": "21", "action_flag": 1, "change_message": "[{\"added\": {}}]"}}, {"model": "admin.logentry", "pk": 36, "fields": {"action_time": "2022-12-31T12:30:15.821Z", "user": 1, "content_type": 1, "object_id": "22", "object_repr": "22", "action_flag": 1, "change_message": "[{\"added\": {}}]"}}, {"model": "admin.logentry", "pk": 37, "fields": {"action_time": "2022-12-31T12:30:29.502Z", "user": 1, "content_type": 1, "object_id": "23", "object_repr": "23", "action_flag": 1, "change_message": "[{\"added\": {}}]"}}, {"model": "admin.logentry", "pk": 38, "fields": {"action_time": "2022-12-31T12:30:45.349Z", "user": 1, "content_type": 1, "object_id": "24", "object_repr": "24", "action_flag": 1, "change_message": "[{\"added\": {}}]"}}, {"model": "admin.logentry", "pk": 39, "fields": {"action_time": "2022-12-31T12:31:17.513Z", "user": 1, "content_type": 1, "object_id": "25", "object_repr": "25", "action_flag": 1, "change_message": "[{\"added\": {}}]"}}, {"model": "admin.logentry", "pk": 40, "fields": {"action_time": "2023-01-21T07:46:22.764Z", "user": 1, "content_type": 1, "object_id": "25", "object_repr": "25", "action_flag": 3, "change_message": ""}}, {"model": "admin.logentry", "pk": 41, "fields": {"action_time": "2023-01-21T07:46:22.767Z", "user": 1, "content_type": 1, "object_id": "24", "object_repr": "24", "action_flag": 3, "change_message": ""}}, {"model": "admin.logentry", "pk": 42, "fields": {"action_time": "2023-01-21T07:46:22.770Z", "user": 1, "content_type": 1, "object_id": "23", "object_repr": "23", "action_flag": 3, "change_message": ""}}, {"model": "admin.logentry", "pk": 43, "fields": {"action_time": "2023-01-21T07:46:22.773Z", "user": 1, "content_type": 1, "object_id": "21", "object_repr": "21", "action_flag": 3, "change_message": ""}}, {"model": "admin.logentry", "pk": 44, "fields": {"action_time": "2023-01-21T07:46:22.776Z", "user": 1, "content_type": 1, "object_id": "20", "object_repr": "20", "action_flag": 3, "change_message": ""}}, {"model": "admin.logentry", "pk": 45, "fields": {"action_time": "2023-01-21T07:46:22.779Z", "user": 1, "content_type": 1, "object_id": "19", "object_repr": "19", "action_flag": 3, "change_message": ""}}, {"model": "admin.logentry", "pk": 46, "fields": {"action_time": "2023-01-21T07:46:22.782Z", "user": 1, "content_type": 1, "object_id": "18", "object_repr": "18", "action_flag": 3, "change_message": ""}}, {"model": "admin.logentry", "pk": 47, "fields": {"action_time": "2023-01-21T07:46:22.785Z", "user": 1, "content_type": 1, "object_id": "17", "object_repr": "17", "action_flag": 3, "change_message": ""}}, {"model": "admin.logentry", "pk": 48, "fields": {"action_time": "2023-01-21T07:46:22.788Z", "user": 1, "content_type": 1, "object_id": "16", "object_repr": "16", "action_flag": 3, "change_message": ""}}, {"model": "admin.logentry", "pk": 49, "fields": {"action_time": "2023-01-21T07:46:22.791Z", "user": 1, "content_type": 1, "object_id": "15", "object_repr": "15", "action_flag": 3, "change_message": ""}}, {"model": "admin.logentry", "pk": 50, "fields": {"action_time": "2023-01-21T07:46:22.795Z", "user": 1, "content_type": 1, "object_id": "14", "object_repr": "14", "action_flag": 3, "change_message": ""}}, {"model": "admin.logentry", "pk": 51, "fields": {"action_time": "2023-01-21T07:46:22.799Z", "user": 1, "content_type": 1, "object_id": "13", "object_repr": "13", "action_flag": 3, "change_message": ""}}, {"model": "admin.logentry", "pk": 52, "fields": {"action_time": "2023-01-21T07:46:22.802Z", "user": 1, "content_type": 1, "object_id": "12", "object_repr": "12", "action_flag": 3, "change_message": ""}}, {"model": "admin.logentry", "pk": 53, "fields": {"action_time": "2023-01-21T07:46:22.805Z", "user": 1, "content_type": 1, "object_id": "11", "object_repr": "11", "action_flag": 3, "change_message": ""}}, {"model": "admin.logentry", "pk": 54, "fields": {"action_time": "2023-01-21T07:46:22.809Z", "user": 1, "content_type": 1, "object_id": "10", "object_repr": "10", "action_flag": 3, "change_message": ""}}, {"model": "admin.logentry", "pk": 55, "fields": {"action_time": "2023-01-21T07:46:22.812Z", "user": 1, "content_type": 1, "object_id": "9", "object_repr": "9", "action_flag": 3, "change_message": ""}}, {"model": "admin.logentry", "pk": 56, "fields": {"action_time": "2023-01-21T07:46:22.815Z", "user": 1, "content_type": 1, "object_id": "8", "object_repr": "8", "action_flag": 3, "change_message": ""}}, {"model": "admin.logentry", "pk": 57, "fields": {"action_time": "2023-01-21T07:46:22.818Z", "user": 1, "content_type": 1, "object_id": "7", "object_repr": "7", "action_flag": 3, "change_message": ""}}, {"model": "admin.logentry", "pk": 58, "fields": {"action_time": "2023-01-21T07:46:22.821Z", "user": 1, "content_type": 1, "object_id": "6", "object_repr": "6", "action_flag": 3, "change_message": ""}}, {"model": "admin.logentry", "pk": 59, "fields": {"action_time": "2023-01-21T07:46:22.824Z", "user": 1, "content_type": 1, "object_id": "5", "object_repr": "5", "action_flag": 3, "change_message": ""}}, {"model": "admin.logentry", "pk": 60, "fields": {"action_time": "2023-01-21T07:46:22.827Z", "user": 1, "content_type": 1, "object_id": "4", "object_repr": "4", "action_flag": 3, "change_message": ""}}, {"model": "admin.logentry", "pk": 61, "fields": {"action_time": "2023-01-21T07:46:32.253Z", "user": 1, "content_type": 2, "object_id": "10", "object_repr": "10", "action_flag": 1, "change_message": "[{\"added\": {}}]"}}, {"model": "admin.logentry", "pk": 62, "fields": {"action_time": "2023-01-21T07:46:37.202Z", "user": 1, "content_type": 2, "object_id": "11", "object_repr": "11", "action_flag": 1, "change_message": "[{\"added\": {}}]"}}, {"model": "admin.logentry", "pk": 63, "fields": {"action_time": "2023-01-21T07:46:42.552Z", "user": 1, "content_type": 2, "object_id": "12", "object_repr": "12", "action_flag": 1, "change_message": "[{\"added\": {}}]"}}, {"model": "admin.logentry", "pk": 64, "fields": {"action_time": "2023-01-21T07:46:48.985Z", "user": 1, "content_type": 2, "object_id": "13", "object_repr": "13", "action_flag": 1, "change_message": "[{\"added\": {}}]"}}, {"model": "admin.logentry", "pk": 65, "fields": {"action_time": "2023-01-21T07:46:57.669Z", "user": 1, "content_type": 2, "object_id": "14", "object_repr": "14", "action_flag": 1, "change_message": "[{\"added\": {}}]"}}, {"model": "admin.logentry", "pk": 66, "fields": {"action_time": "2023-01-21T07:47:04.267Z", "user": 1, "content_type": 2, "object_id": "15", "object_repr": "15", "action_flag": 1, "change_message": "[{\"added\": {}}]"}}, {"model": "admin.logentry", "pk": 67, "fields": {"action_time": "2023-01-21T07:47:08.788Z", "user": 1, "content_type": 2, "object_id": "16", "object_repr": "16", "action_flag": 1, "change_message": "[{\"added\": {}}]"}}, {"model": "admin.logentry", "pk": 68, "fields": {"action_time": "2023-01-21T07:47:16.188Z", "user": 1, "content_type": 2, "object_id": "17", "object_repr": "17", "action_flag": 1, "change_message": "[{\"added\": {}}]"}}, {"model": "admin.logentry", "pk": 69, "fields": {"action_time": "2023-01-21T07:47:22.652Z", "user": 1, "content_type": 2, "object_id": "18", "object_repr": "18", "action_flag": 1, "change_message": "[{\"added\": {}}]"}}, {"model": "admin.logentry", "pk": 70, "fields": {"action_time": "2023-01-21T07:47:27.739Z", "user": 1, "content_type": 2, "object_id": "19", "object_repr": "19", "action_flag": 1, "change_message": "[{\"added\": {}}]"}}, {"model": "admin.logentry", "pk": 71, "fields": {"action_time": "2023-01-21T07:47:33.866Z", "user": 1, "content_type": 2, "object_id": "20", "object_repr": "20", "action_flag": 1, "change_message": "[{\"added\": {}}]"}}, {"model": "admin.logentry", "pk": 72, "fields": {"action_time": "2023-01-21T07:47:41.034Z", "user": 1, "content_type": 2, "object_id": "21", "object_repr": "21", "action_flag": 1, "change_message": "[{\"added\": {}}]"}}, {"model": "admin.logentry", "pk": 73, "fields": {"action_time": "2023-01-21T07:59:41.402Z", "user": 1, "content_type": 2, "object_id": "22", "object_repr": "22", "action_flag": 1, "change_message": "[{\"added\": {}}]"}}, {"model": "admin.logentry", "pk": 74, "fields": {"action_time": "2023-01-21T07:59:49.528Z", "user": 1, "content_type": 2, "object_id": "23", "object_repr": "23", "action_flag": 1, "change_message": "[{\"added\": {}}]"}}, {"model": "admin.logentry", "pk": 75, "fields": {"action_time": "2023-01-21T07:59:56.238Z", "user": 1, "content_type": 2, "object_id": "24", "object_repr": "24", "action_flag": 1, "change_message": "[{\"added\": {}}]"}}, {"model": "admin.logentry", "pk": 76, "fields": {"action_time": "2023-01-21T08:00:07.259Z", "user": 1, "content_type": 2, "object_id": "25", "object_repr": "25", "action_flag": 1, "change_message": "[{\"added\": {}}]"}}, {"model": "admin.logentry", "pk": 77, "fields": {"action_time": "2023-01-21T08:00:14.145Z", "user": 1, "content_type": 2, "object_id": "26", "object_repr": "26", "action_flag": 1, "change_message": "[{\"added\": {}}]"}}, {"model": "admin.logentry", "pk": 78, "fields": {"action_time": "2023-01-22T11:05:32.283Z", "user": 1, "content_type": 3, "object_id": "1", "object_repr": "1", "action_flag": 1, "change_message": "[{\"added\": {}}]"}}, {"model": "admin.logentry", "pk": 79, "fields": {"action_time": "2023-01-22T11:05:38.756Z", "user": 1, "content_type": 3, "object_id": "2", "object_repr": "2", "action_flag": 1, "change_message": "[{\"added\": {}}]"}}, {"model": "admin.logentry", "pk": 80, "fields": {"action_time": "2023-01-22T11:05:44.442Z", "user": 1, "content_type": 3, "object_id": "3", "object_repr": "3", "action_flag": 1, "change_message": "[{\"added\": {}}]"}}, {"model": "admin.logentry", "pk": 81, "fields": {"action_time": "2023-01-22T11:05:49.866Z", "user": 1, "content_type": 3, "object_id": "4", "object_repr": "4", "action_flag": 1, "change_message": "[{\"added\": {}}]"}}, {"model": "admin.logentry", "pk": 82, "fields": {"action_time": "2023-01-22T11:05:59.130Z", "user": 1, "content_type": 3, "object_id": "5", "object_repr": "5", "action_flag": 1, "change_message": "[{\"added\": {}}]"}}, {"model": "admin.logentry", "pk": 83, "fields": {"action_time": "2023-01-24T02:44:23.975Z", "user": 1, "content_type": 19, "object_id": "1", "object_repr": "1", "action_flag": 1, "change_message": "[{\"added\": {}}]"}}, {"model": "admin.logentry", "pk": 84, "fields": {"action_time": "2023-01-24T02:44:39.662Z", "user": 1, "content_type": 19, "object_id": "2", "object_repr": "2", "action_flag": 1, "change_message": "[{\"added\": {}}]"}}, {"model": "admin.logentry", "pk": 85, "fields": {"action_time": "2023-01-24T02:44:53.071Z", "user": 1, "content_type": 19, "object_id": "3", "object_repr": "3", "action_flag": 1, "change_message": "[{\"added\": {}}]"}}, {"model": "admin.logentry", "pk": 86, "fields": {"action_time": "2023-01-24T02:45:06.419Z", "user": 1, "content_type": 19, "object_id": "4", "object_repr": "4", "action_flag": 1, "change_message": "[{\"added\": {}}]"}}, {"model": "admin.logentry", "pk": 87, "fields": {"action_time": "2023-01-24T05:28:04.249Z", "user": 1, "content_type": 19, "object_id": "4", "object_repr": "4", "action_flag": 3, "change_message": ""}}, {"model": "admin.logentry", "pk": 88, "fields": {"action_time": "2023-01-24T05:28:04.252Z", "user": 1, "content_type": 19, "object_id": "3", "object_repr": "3", "action_flag": 3, "change_message": ""}}, {"model": "admin.logentry", "pk": 89, "fields": {"action_time": "2023-01-24T05:28:04.255Z", "user": 1, "content_type": 19, "object_id": "2", "object_repr": "2", "action_flag": 3, "change_message": ""}}, {"model": "admin.logentry", "pk": 90, "fields": {"action_time": "2023-01-24T05:28:04.258Z", "user": 1, "content_type": 19, "object_id": "1", "object_repr": "1", "action_flag": 3, "change_message": ""}}, {"model": "admin.logentry", "pk": 91, "fields": {"action_time": "2023-01-24T05:28:13.312Z", "user": 1, "content_type": 19, "object_id": "5", "object_repr": "5", "action_flag": 1, "change_message": "[{\"added\": {}}]"}}, {"model": "admin.logentry", "pk": 92, "fields": {"action_time": "2023-01-24T05:28:23.048Z", "user": 1, "content_type": 19, "object_id": "6", "object_repr": "6", "action_flag": 1, "change_message": "[{\"added\": {}}]"}}, {"model": "admin.logentry", "pk": 93, "fields": {"action_time": "2023-01-24T05:28:32.669Z", "user": 1, "content_type": 19, "object_id": "7", "object_repr": "7", "action_flag": 1, "change_message": "[{\"added\": {}}]"}}, {"model": "admin.logentry", "pk": 94, "fields": {"action_time": "2023-01-25T02:13:11.808Z", "user": 1, "content_type": 19, "object_id": "7", "object_repr": "7", "action_flag": 3, "change_message": ""}}, {"model": "admin.logentry", "pk": 95, "fields": {"action_time": "2023-01-25T02:13:11.841Z", "user": 1, "content_type": 19, "object_id": "6", "object_repr": "6", "action_flag": 3, "change_message": ""}}, {"model": "admin.logentry", "pk": 96, "fields": {"action_time": "2023-01-25T02:13:11.857Z", "user": 1, "content_type": 19, "object_id": "5", "object_repr": "5", "action_flag": 3, "change_message": ""}}, {"model": "admin.logentry", "pk": 97, "fields": {"action_time": "2023-01-25T02:45:05.259Z", "user": 1, "content_type": 1, "object_id": "43", "object_repr": "43", "action_flag": 3, "change_message": ""}}, {"model": "admin.logentry", "pk": 98, "fields": {"action_time": "2023-01-25T02:45:05.276Z", "user": 1, "content_type": 1, "object_id": "42", "object_repr": "42", "action_flag": 3, "change_message": ""}}, {"model": "admin.logentry", "pk": 99, "fields": {"action_time": "2023-01-25T02:45:05.291Z", "user": 1, "content_type": 1, "object_id": "41", "object_repr": "41", "action_flag": 3, "change_message": ""}}, {"model": "admin.logentry", "pk": 100, "fields": {"action_time": "2023-01-25T02:45:05.307Z", "user": 1, "content_type": 1, "object_id": "40", "object_repr": "40", "action_flag": 3, "change_message": ""}}, {"model": "admin.logentry", "pk": 101, "fields": {"action_time": "2023-01-25T02:45:05.322Z", "user": 1, "content_type": 1, "object_id": "39", "object_repr": "39", "action_flag": 3, "change_message": ""}}, {"model": "admin.logentry", "pk": 102, "fields": {"action_time": "2023-01-26T02:36:58.129Z", "user": 1, "content_type": 19, "object_id": "10", "object_repr": "10", "action_flag": 3, "change_message": ""}}, {"model": "admin.logentry", "pk": 103, "fields": {"action_time": "2023-01-26T02:36:58.132Z", "user": 1, "content_type": 19, "object_id": "9", "object_repr": "9", "action_flag": 3, "change_message": ""}}, {"model": "admin.logentry", "pk": 104, "fields": {"action_time": "2023-01-26T02:36:58.135Z", "user": 1, "content_type": 19, "object_id": "8", "object_repr": "8", "action_flag": 3, "change_message": ""}}, {"model": "admin.logentry", "pk": 105, "fields": {"action_time": "2023-01-26T02:46:52.429Z", "user": 1, "content_type": 19, "object_id": "11", "object_repr": "11", "action_flag": 1, "change_message": "[{\"added\": {}}]"}}, {"model": "admin.logentry", "pk": 106, "fields": {"action_time": "2023-01-26T02:47:01.621Z", "user": 1, "content_type": 19, "object_id": "12", "object_repr": "12", "action_flag": 1, "change_message": "[{\"added\": {}}]"}}, {"model": "admin.logentry", "pk": 107, "fields": {"action_time": "2023-01-26T02:48:39.599Z", "user": 1, "content_type": 19, "object_id": "13", "object_repr": "13", "action_flag": 1, "change_message": "[{\"added\": {}}]"}}, {"model": "admin.logentry", "pk": 108, "fields": {"action_time": "2023-01-26T02:48:47.853Z", "user": 1, "content_type": 19, "object_id": "14", "object_repr": "14", "action_flag": 1, "change_message": "[{\"added\": {}}]"}}, {"model": "admin.logentry", "pk": 109, "fields": {"action_time": "2023-01-26T07:03:18.847Z", "user": 1, "content_type": 19, "object_id": "11", "object_repr": "11", "action_flag": 3, "change_message": ""}}, {"model": "admin.logentry", "pk": 110, "fields": {"action_time": "2023-01-26T07:03:28.283Z", "user": 1, "content_type": 19, "object_id": "15", "object_repr": "15", "action_flag": 1, "change_message": "[{\"added\": {}}]"}}, {"model": "admin.logentry", "pk": 111, "fields": {"action_time": "2023-01-26T07:04:06.159Z", "user": 1, "content_type": 19, "object_id": "15", "object_repr": "15", "action_flag": 3, "change_message": ""}}, {"model": "admin.logentry", "pk": 112, "fields": {"action_time": "2023-01-26T07:06:09.261Z", "user": 1, "content_type": 19, "object_id": "16", "object_repr": "16", "action_flag": 1, "change_message": "[{\"added\": {}}]"}}, {"model": "admin.logentry", "pk": 113, "fields": {"action_time": "2023-01-26T07:06:27.839Z", "user": 1, "content_type": 19, "object_id": "16", "object_repr": "16", "action_flag": 3, "change_message": ""}}, {"model": "admin.logentry", "pk": 114, "fields": {"action_time": "2023-01-26T07:09:20.256Z", "user": 1, "content_type": 19, "object_id": "16", "object_repr": "16", "action_flag": 3, "change_message": ""}}, {"model": "admin.logentry", "pk": 115, "fields": {"action_time": "2023-01-26T07:09:29.647Z", "user": 1, "content_type": 19, "object_id": "17", "object_repr": "17", "action_flag": 1, "change_message": "[{\"added\": {}}]"}}, {"model": "admin.logentry", "pk": 116, "fields": {"action_time": "2023-01-26T07:09:44.598Z", "user": 1, "content_type": 19, "object_id": "17", "object_repr": "17", "action_flag": 3, "change_message": ""}}, {"model": "admin.logentry", "pk": 117, "fields": {"action_time": "2023-01-26T07:10:31.616Z", "user": 1, "content_type": 19, "object_id": "18", "object_repr": "18", "action_flag": 1, "change_message": "[{\"added\": {}}]"}}, {"model": "admin.logentry", "pk": 118, "fields": {"action_time": "2023-01-26T07:10:51.080Z", "user": 1, "content_type": 19, "object_id": "18", "object_repr": "18", "action_flag": 3, "change_message": ""}}, {"model": "admin.logentry", "pk": 119, "fields": {"action_time": "2023-01-26T07:11:31.267Z", "user": 1, "content_type": 19, "object_id": "19", "object_repr": "19", "action_flag": 1, "change_message": "[{\"added\": {}}]"}}, {"model": "admin.logentry", "pk": 120, "fields": {"action_time": "2023-01-26T07:11:48.364Z", "user": 1, "content_type": 19, "object_id": "19", "object_repr": "19", "action_flag": 3, "change_message": ""}}, {"model": "admin.logentry", "pk": 121, "fields": {"action_time": "2023-01-26T07:13:13.524Z", "user": 1, "content_type": 19, "object_id": "20", "object_repr": "20", "action_flag": 1, "change_message": "[{\"added\": {}}]"}}, {"model": "admin.logentry", "pk": 122, "fields": {"action_time": "2023-01-26T07:13:29.981Z", "user": 1, "content_type": 19, "object_id": "20", "object_repr": "20", "action_flag": 3, "change_message": ""}}, {"model": "admin.logentry", "pk": 123, "fields": {"action_time": "2023-01-27T03:21:54.475Z", "user": 1, "content_type": 9, "object_id": "1", "object_repr": "1", "action_flag": 2, "change_message": "[]"}}, {"model": "admin.logentry", "pk": 124, "fields": {"action_time": "2023-01-27T03:22:09.669Z", "user": 1, "content_type": 9, "object_id": "1", "object_repr": "1", "action_flag": 2, "change_message": "[{\"changed\": {\"fields\": [\"Profile picture\"]}}]"}}, {"model": "admin.logentry", "pk": 125, "fields": {"action_time": "2023-01-27T03:22:36.026Z", "user": 1, "content_type": 9, "object_id": "1", "object_repr": "1", "action_flag": 2, "change_message": "[{\"changed\": {\"fields\": [\"Poster picture\"]}}]"}}, {"model": "admin.logentry", "pk": 126, "fields": {"action_time": "2023-01-27T05:58:58.445Z", "user": 1, "content_type": 9, "object_id": "1", "object_repr": "1", "action_flag": 2, "change_message": "[{\"changed\": {\"fields\": [\"Profile picture\", \"Poster picture\"]}}]"}}, {"model": "admin.logentry", "pk": 127, "fields": {"action_time": "2023-01-27T05:59:11.043Z", "user": 1, "content_type": 9, "object_id": "1", "object_repr": "1", "action_flag": 2, "change_message": "[{\"changed\": {\"fields\": [\"Profile picture\"]}}]"}}, {"model": "admin.logentry", "pk": 128, "fields": {"action_time": "2023-01-27T06:01:40.043Z", "user": 1, "content_type": 9, "object_id": "1", "object_repr": "1", "action_flag": 2, "change_message": "[{\"changed\": {\"fields\": [\"Profile picture\"]}}]"}}, {"model": "admin.logentry", "pk": 129, "fields": {"action_time": "2023-01-27T06:35:31.616Z", "user": 1, "content_type": 9, "object_id": "1", "object_repr": "1", "action_flag": 2, "change_message": "[{\"changed\": {\"fields\": [\"Profile picture\"]}}]"}}, {"model": "admin.logentry", "pk": 130, "fields": {"action_time": "2023-01-27T06:54:10.162Z", "user": 1, "content_type": 9, "object_id": "1", "object_repr": "1", "action_flag": 2, "change_message": "[{\"changed\": {\"fields\": [\"Profile picture\"]}}]"}}, {"model": "admin.logentry", "pk": 131, "fields": {"action_time": "2023-01-27T06:54:29.474Z", "user": 1, "content_type": 9, "object_id": "1", "object_repr": "1", "action_flag": 2, "change_message": "[{\"changed\": {\"fields\": [\"Profile picture\"]}}]"}}, {"model": "admin.logentry", "pk": 132, "fields": {"action_time": "2023-01-27T06:55:02.303Z", "user": 1, "content_type": 9, "object_id": "1", "object_repr": "1", "action_flag": 2, "change_message": "[{\"changed\": {\"fields\": [\"Profile picture\"]}}]"}}, {"model": "admin.logentry", "pk": 133, "fields": {"action_time": "2023-01-27T06:55:10.736Z", "user": 1, "content_type": 9, "object_id": "1", "object_repr": "1", "action_flag": 2, "change_message": "[{\"changed\": {\"fields\": [\"About\"]}}]"}}, {"model": "admin.logentry", "pk": 134, "fields": {"action_time": "2023-01-27T06:57:05.911Z", "user": 1, "content_type": 9, "object_id": "1", "object_repr": "1", "action_flag": 2, "change_message": "[{\"changed\": {\"fields\": [\"Profile picture\"]}}]"}}, {"model": "admin.logentry", "pk": 135, "fields": {"action_time": "2023-01-27T06:57:59.171Z", "user": 1, "content_type": 9, "object_id": "1", "object_repr": "1", "action_flag": 2, "change_message": "[{\"changed\": {\"fields\": [\"Profile picture\"]}}]"}}, {"model": "admin.logentry", "pk": 136, "fields": {"action_time": "2023-01-27T06:58:09.067Z", "user": 1, "content_type": 9, "object_id": "1", "object_repr": "1", "action_flag": 2, "change_message": "[{\"changed\": {\"fields\": [\"Profile picture\"]}}]"}}, {"model": "admin.logentry", "pk": 137, "fields": {"action_time": "2023-01-27T06:58:27.898Z", "user": 1, "content_type": 9, "object_id": "1", "object_repr": "1", "action_flag": 2, "change_message": "[{\"changed\": {\"fields\": [\"Profile picture\"]}}]"}}, {"model": "admin.logentry", "pk": 138, "fields": {"action_time": "2023-01-27T06:58:43.061Z", "user": 1, "content_type": 9, "object_id": "1", "object_repr": "1", "action_flag": 2, "change_message": "[{\"changed\": {\"fields\": [\"Profile picture\"]}}]"}}, {"model": "admin.logentry", "pk": 139, "fields": {"action_time": "2023-01-27T06:59:56.154Z", "user": 1, "content_type": 9, "object_id": "1", "object_repr": "1", "action_flag": 2, "change_message": "[{\"changed\": {\"fields\": [\"Profile picture\"]}}]"}}, {"model": "admin.logentry", "pk": 140, "fields": {"action_time": "2023-01-27T07:02:53.990Z", "user": 1, "content_type": 9, "object_id": "1", "object_repr": "1", "action_flag": 2, "change_message": "[{\"changed\": {\"fields\": [\"Profile picture\"]}}]"}}, {"model": "admin.logentry", "pk": 141, "fields": {"action_time": "2023-01-27T07:03:10.068Z", "user": 1, "content_type": 9, "object_id": "1", "object_repr": "1", "action_flag": 2, "change_message": "[{\"changed\": {\"fields\": [\"Profile picture\", \"Poster picture\"]}}]"}}, {"model": "admin.logentry", "pk": 142, "fields": {"action_time": "2023-01-27T07:03:36.996Z", "user": 1, "content_type": 9, "object_id": "1", "object_repr": "1", "action_flag": 2, "change_message": "[{\"changed\": {\"fields\": [\"Profile picture\", \"Poster picture\"]}}]"}}, {"model": "admin.logentry", "pk": 143, "fields": {"action_time": "2023-01-27T07:08:07.324Z", "user": 1, "content_type": 9, "object_id": "1", "object_repr": "1", "action_flag": 2, "change_message": "[{\"changed\": {\"fields\": [\"Profile picture\", \"Poster picture\"]}}]"}}, {"model": "admin.logentry", "pk": 144, "fields": {"action_time": "2023-01-27T07:08:28.011Z", "user": 1, "content_type": 9, "object_id": "1", "object_repr": "1", "action_flag": 2, "change_message": "[{\"changed\": {\"fields\": [\"Profile picture\", \"Poster picture\"]}}]"}}, {"model": "admin.logentry", "pk": 145, "fields": {"action_time": "2023-01-27T07:09:45.292Z", "user": 1, "content_type": 9, "object_id": "1", "object_repr": "1", "action_flag": 2, "change_message": "[{\"changed\": {\"fields\": [\"Profile picture\", \"Poster picture\"]}}]"}}, {"model": "admin.logentry", "pk": 146, "fields": {"action_time": "2023-01-27T07:10:14.030Z", "user": 1, "content_type": 9, "object_id": "1", "object_repr": "1", "action_flag": 2, "change_message": "[{\"changed\": {\"fields\": [\"Profile picture\", \"Poster picture\"]}}]"}}, {"model": "admin.logentry", "pk": 147, "fields": {"action_time": "2023-01-27T07:10:52.350Z", "user": 1, "content_type": 9, "object_id": "1", "object_repr": "1", "action_flag": 2, "change_message": "[{\"changed\": {\"fields\": [\"Profile picture\", \"Poster picture\"]}}]"}}, {"model": "admin.logentry", "pk": 148, "fields": {"action_time": "2023-01-27T07:12:20.269Z", "user": 1, "content_type": 9, "object_id": "1", "object_repr": "1", "action_flag": 3, "change_message": ""}}, {"model": "admin.logentry", "pk": 149, "fields": {"action_time": "2023-01-27T07:12:41.189Z", "user": 1, "content_type": 9, "object_id": "5", "object_repr": "5", "action_flag": 1, "change_message": "[{\"added\": {}}]"}}, {"model": "admin.logentry", "pk": 150, "fields": {"action_time": "2023-01-31T07:41:38.042Z", "user": 1, "content_type": 9, "object_id": "5", "object_repr": "5", "action_flag": 2, "change_message": "[{\"changed\": {\"fields\": [\"Profile picture\", \"Poster picture\"]}}]"}}, {"model": "admin.logentry", "pk": 151, "fields": {"action_time": "2023-01-31T07:42:01.463Z", "user": 1, "content_type": 9, "object_id": "4", "object_repr": "4", "action_flag": 2, "change_message": "[{\"changed\": {\"fields\": [\"Profile picture\", \"Poster picture\"]}}]"}}, {"model": "admin.logentry", "pk": 152, "fields": {"action_time": "2023-01-31T07:42:41.500Z", "user": 1, "content_type": 9, "object_id": "3", "object_repr": "3", "action_flag": 2, "change_message": "[{\"changed\": {\"fields\": [\"Profile picture\", \"Poster picture\"]}}]"}}, {"model": "admin.logentry", "pk": 153, "fields": {"action_time": "2023-01-31T07:43:07.580Z", "user": 1, "content_type": 9, "object_id": "2", "object_repr": "2", "action_flag": 2, "change_message": "[{\"changed\": {\"fields\": [\"Profile picture\", \"Poster picture\"]}}]"}}, {"model": "admin.logentry", "pk": 154, "fields": {"action_time": "2023-01-31T07:48:54.029Z", "user": 1, "content_type": 9, "object_id": "5", "object_repr": "5", "action_flag": 2, "change_message": "[{\"changed\": {\"fields\": [\"About\"]}}]"}}, {"model": "admin.logentry", "pk": 155, "fields": {"action_time": "2023-02-04T03:27:51.876Z", "user": 1, "content_type": 11, "object_id": "4", "object_repr": "4", "action_flag": 1, "change_message": "[{\"added\": {}}]"}}, {"model": "admin.logentry", "pk": 156, "fields": {"action_time": "2023-02-04T03:27:59.714Z", "user": 1, "content_type": 11, "object_id": "5", "object_repr": "5", "action_flag": 1, "change_message": "[{\"added\": {}}]"}}, {"model": "admin.logentry", "pk": 157, "fields": {"action_time": "2023-02-04T03:28:09.142Z", "user": 1, "content_type": 11, "object_id": "6", "object_repr": "6", "action_flag": 1, "change_message": "[{\"added\": {}}]"}}, {"model": "admin.logentry", "pk": 158, "fields": {"action_time": "2023-02-04T03:32:56.274Z", "user": 1, "content_type": 8, "object_id": "5", "object_repr": "dwaynejohnson", "action_flag": 1, "change_message": "[{\"added\": {}}]"}}, {"model": "admin.logentry", "pk": 159, "fields": {"action_time": "2023-02-04T03:33:27.293Z", "user": 1, "content_type": 8, "object_id": "6", "object_repr": "kevindurant", "action_flag": 1, "change_message": "[{\"added\": {}}]"}}, {"model": "admin.logentry", "pk": 160, "fields": {"action_time": "2023-02-04T03:34:15.397Z", "user": 1, "content_type": 8, "object_id": "7", "object_repr": "stevenz", "action_flag": 1, "change_message": "[{\"added\": {}}]"}}, {"model": "admin.logentry", "pk": 161, "fields": {"action_time": "2023-02-04T03:34:43.066Z", "user": 1, "content_type": 8, "object_id": "8", "object_repr": "anastasia", "action_flag": 1, "change_message": "[{\"added\": {}}]"}}, {"model": "admin.logentry", "pk": 162, "fields": {"action_time": "2023-02-04T03:35:18.314Z", "user": 1, "content_type": 11, "object_id": "7", "object_repr": "7", "action_flag": 1, "change_message": "[{\"added\": {}}]"}}, {"model": "admin.logentry", "pk": 163, "fields": {"action_time": "2023-02-04T03:35:27.946Z", "user": 1, "content_type": 11, "object_id": "8", "object_repr": "8", "action_flag": 1, "change_message": "[{\"added\": {}}]"}}, {"model": "admin.logentry", "pk": 164, "fields": {"action_time": "2023-02-04T03:35:36.711Z", "user": 1, "content_type": 11, "object_id": "9", "object_repr": "9", "action_flag": 1, "change_message": "[{\"added\": {}}]"}}, {"model": "admin.logentry", "pk": 165, "fields": {"action_time": "2023-02-04T03:35:45.600Z", "user": 1, "content_type": 11, "object_id": "10", "object_repr": "10", "action_flag": 1, "change_message": "[{\"added\": {}}]"}}, {"model": "admin.logentry", "pk": 166, "fields": {"action_time": "2023-02-04T04:37:23.309Z", "user": 1, "content_type": 11, "object_id": "4", "object_repr": "4", "action_flag": 2, "change_message": "[{\"changed\": {\"fields\": [\"Accept\"]}}]"}}, {"model": "admin.logentry", "pk": 167, "fields": {"action_time": "2023-02-04T04:38:14.622Z", "user": 1, "content_type": 11, "object_id": "5", "object_repr": "5", "action_flag": 2, "change_message": "[{\"changed\": {\"fields\": [\"Accept\"]}}]"}}, {"model": "admin.logentry", "pk": 168, "fields": {"action_time": "2023-02-04T04:38:21.585Z", "user": 1, "content_type": 11, "object_id": "6", "object_repr": "6", "action_flag": 2, "change_message": "[{\"changed\": {\"fields\": [\"Accept\"]}}]"}}, {"model": "admin.logentry", "pk": 169, "fields": {"action_time": "2023-02-04T04:40:56.119Z", "user": 1, "content_type": 12, "object_id": "1", "object_repr": "1", "action_flag": 2, "change_message": "[{\"changed\": {\"fields\": [\"Pin\", \"Notification\", \"Nickname\"]}}]"}}, {"model": "admin.logentry", "pk": 170, "fields": {"action_time": "2023-02-04T04:41:12.434Z", "user": 1, "content_type": 12, "object_id": "3", "object_repr": "3", "action_flag": 2, "change_message": "[{\"changed\": {\"fields\": [\"Notification\", \"Nickname\"]}}]"}}, {"model": "admin.logentry", "pk": 171, "fields": {"action_time": "2023-02-06T08:36:58.002Z", "user": 1, "content_type": 9, "object_id": "2", "object_repr": "2", "action_flag": 2, "change_message": "[{\"changed\": {\"fields\": [\"Name\"]}}]"}}, {"model": "admin.logentry", "pk": 172, "fields": {"action_time": "2023-02-06T08:37:07.920Z", "user": 1, "content_type": 9, "object_id": "3", "object_repr": "3", "action_flag": 2, "change_message": "[{\"changed\": {\"fields\": [\"Name\"]}}]"}}, {"model": "admin.logentry", "pk": 173, "fields": {"action_time": "2023-02-06T08:37:15.994Z", "user": 1, "content_type": 9, "object_id": "4", "object_repr": "4", "action_flag": 2, "change_message": "[{\"changed\": {\"fields\": [\"Name\"]}}]"}}, {"model": "admin.logentry", "pk": 174, "fields": {"action_time": "2023-02-06T08:37:26.623Z", "user": 1, "content_type": 9, "object_id": "6", "object_repr": "6", "action_flag": 2, "change_message": "[{\"changed\": {\"fields\": [\"Name\"]}}]"}}, {"model": "admin.logentry", "pk": 175, "fields": {"action_time": "2023-02-06T08:37:35.215Z", "user": 1, "content_type": 9, "object_id": "7", "object_repr": "7", "action_flag": 2, "change_message": "[{\"changed\": {\"fields\": [\"Name\"]}}]"}}, {"model": "admin.logentry", "pk": 176, "fields": {"action_time": "2023-02-06T08:37:45.878Z", "user": 1, "content_type": 9, "object_id": "8", "object_repr": "8", "action_flag": 2, "change_message": "[{\"changed\": {\"fields\": [\"Name\"]}}]"}}, {"model": "admin.logentry", "pk": 177, "fields": {"action_time": "2023-02-06T08:38:05.623Z", "user": 1, "content_type": 9, "object_id": "9", "object_repr": "9", "action_flag": 2, "change_message": "[{\"changed\": {\"fields\": [\"Name\"]}}]"}}, {"model": "admin.logentry", "pk": 178, "fields": {"action_time": "2023-02-06T10:09:02.724Z", "user": 1, "content_type": 11, "object_id": "7", "object_repr": "7", "action_flag": 2, "change_message": "[{\"changed\": {\"fields\": [\"Accept\"]}}]"}}, {"model": "admin.logentry", "pk": 179, "fields": {"action_time": "2023-02-06T13:12:46.796Z", "user": 1, "content_type": 11, "object_id": "7", "object_repr": "7", "action_flag": 3, "change_message": ""}}, {"model": "admin.logentry", "pk": 180, "fields": {"action_time": "2023-02-06T13:12:46.848Z", "user": 1, "content_type": 11, "object_id": "6", "object_repr": "6", "action_flag": 3, "change_message": ""}}, {"model": "admin.logentry", "pk": 181, "fields": {"action_time": "2023-02-06T13:12:46.864Z", "user": 1, "content_type": 11, "object_id": "5", "object_repr": "5", "action_flag": 3, "change_message": ""}}, {"model": "admin.logentry", "pk": 182, "fields": {"action_time": "2023-02-06T13:12:46.879Z", "user": 1, "content_type": 11, "object_id": "4", "object_repr": "4", "action_flag": 3, "change_message": ""}}, {"model": "admin.logentry", "pk": 183, "fields": {"action_time": "2023-02-06T14:13:31.636Z", "user": 1, "content_type": 8, "object_id": "9", "object_repr": "krugger", "action_flag": 1, "change_message": "[{\"added\": {}}]"}}, {"model": "admin.logentry", "pk": 184, "fields": {"action_time": "2023-02-06T14:13:43.733Z", "user": 1, "content_type": 9, "object_id": "10", "object_repr": "10", "action_flag": 2, "change_message": "[{\"changed\": {\"fields\": [\"Name\"]}}]"}}, {"model": "admin.logentry", "pk": 185, "fields": {"action_time": "2023-02-06T14:13:59.451Z", "user": 1, "content_type": 11, "object_id": "11", "object_repr": "11", "action_flag": 1, "change_message": "[{\"added\": {}}]"}}, {"model": "admin.logentry", "pk": 186, "fields": {"action_time": "2023-02-26T07:10:22.896Z", "user": 1, "content_type": 4, "object_id": "293", "object_repr": "293", "action_flag": 1, "change_message": "[{\"added\": {}}]"}}, {"model": "admin.logentry", "pk": 187, "fields": {"action_time": "2023-02-26T07:12:18.133Z", "user": 1, "content_type": 4, "object_id": "294", "object_repr": "294", "action_flag": 1, "change_message": "[{\"added\": {}}]"}}, {"model": "admin.logentry", "pk": 188, "fields": {"action_time": "2023-02-26T07:15:43.532Z", "user": 1, "content_type": 4, "object_id": "295", "object_repr": "295", "action_flag": 1, "change_message": "[{\"added\": {}}]"}}, {"model": "admin.logentry", "pk": 189, "fields": {"action_time": "2023-02-26T07:17:17.690Z", "user": 1, "content_type": 4, "object_id": "295", "object_repr": "295", "action_flag": 3, "change_message": ""}}, {"model": "admin.logentry", "pk": 190, "fields": {"action_time": "2023-02-26T07:17:17.700Z", "user": 1, "content_type": 4, "object_id": "294", "object_repr": "294", "action_flag": 3, "change_message": ""}}, {"model": "admin.logentry", "pk": 191, "fields": {"action_time": "2023-02-26T07:17:17.706Z", "user": 1, "content_type": 4, "object_id": "293", "object_repr": "293", "action_flag": 3, "change_message": ""}}, {"model": "admin.logentry", "pk": 192, "fields": {"action_time": "2023-02-26T07:17:28.053Z", "user": 1, "content_type": 4, "object_id": "296", "object_repr": "296", "action_flag": 1, "change_message": "[{\"added\": {}}]"}}, {"model": "admin.logentry", "pk": 193, "fields": {"action_time": "2023-02-26T07:22:08.239Z", "user": 1, "content_type": 4, "object_id": "297", "object_repr": "297", "action_flag": 1, "change_message": "[{\"added\": {}}]"}}, {"model": "admin.logentry", "pk": 194, "fields": {"action_time": "2023-02-26T07:25:19.426Z", "user": 1, "content_type": 4, "object_id": "298", "object_repr": "298", "action_flag": 1, "change_message": "[{\"added\": {}}]"}}, {"model": "admin.logentry", "pk": 195, "fields": {"action_time": "2023-02-26T07:32:04.513Z", "user": 1, "content_type": 4, "object_id": "299", "object_repr": "299", "action_flag": 1, "change_message": "[{\"added\": {}}]"}}, {"model": "admin.logentry", "pk": 196, "fields": {"action_time": "2023-02-26T07:49:26.152Z", "user": 1, "content_type": 4, "object_id": "300", "object_repr": "300", "action_flag": 1, "change_message": "[{\"added\": {}}]"}}, {"model": "admin.logentry", "pk": 197, "fields": {"action_time": "2023-02-26T07:51:25.865Z", "user": 1, "content_type": 4, "object_id": "301", "object_repr": "301", "action_flag": 1, "change_message": "[{\"added\": {}}]"}}, {"model": "admin.logentry", "pk": 198, "fields": {"action_time": "2023-02-26T07:54:55.760Z", "user": 1, "content_type": 4, "object_id": "302", "object_repr": "302", "action_flag": 1, "change_message": "[{\"added\": {}}]"}}, {"model": "admin.logentry", "pk": 199, "fields": {"action_time": "2023-02-26T07:56:51.154Z", "user": 1, "content_type": 4, "object_id": "303", "object_repr": "303", "action_flag": 1, "change_message": "[{\"added\": {}}]"}}, {"model": "admin.logentry", "pk": 200, "fields": {"action_time": "2023-02-26T08:01:58.258Z", "user": 1, "content_type": 4, "object_id": "303", "object_repr": "303", "action_flag": 3, "change_message": ""}}, {"model": "admin.logentry", "pk": 201, "fields": {"action_time": "2023-02-26T08:01:58.276Z", "user": 1, "content_type": 4, "object_id": "302", "object_repr": "302", "action_flag": 3, "change_message": ""}}, {"model": "admin.logentry", "pk": 202, "fields": {"action_time": "2023-02-26T08:01:58.302Z", "user": 1, "content_type": 4, "object_id": "301", "object_repr": "301", "action_flag": 3, "change_message": ""}}, {"model": "admin.logentry", "pk": 203, "fields": {"action_time": "2023-02-26T08:01:58.322Z", "user": 1, "content_type": 4, "object_id": "300", "object_repr": "300", "action_flag": 3, "change_message": ""}}, {"model": "admin.logentry", "pk": 204, "fields": {"action_time": "2023-02-26T08:02:06.511Z", "user": 1, "content_type": 4, "object_id": "304", "object_repr": "304", "action_flag": 1, "change_message": "[{\"added\": {}}]"}}, {"model": "admin.logentry", "pk": 205, "fields": {"action_time": "2023-02-26T08:04:48.916Z", "user": 1, "content_type": 4, "object_id": "305", "object_repr": "305", "action_flag": 1, "change_message": "[{\"added\": {}}]"}}, {"model": "admin.logentry", "pk": 206, "fields": {"action_time": "2023-02-26T08:05:30.402Z", "user": 1, "content_type": 4, "object_id": "306", "object_repr": "306", "action_flag": 1, "change_message": "[{\"added\": {}}]"}}, {"model": "admin.logentry", "pk": 207, "fields": {"action_time": "2023-02-26T08:14:28.000Z", "user": 1, "content_type": 4, "object_id": "307", "object_repr": "307", "action_flag": 1, "change_message": "[{\"added\": {}}]"}}, {"model": "admin.logentry", "pk": 208, "fields": {"action_time": "2023-02-26T08:17:38.642Z", "user": 1, "content_type": 4, "object_id": "308", "object_repr": "308", "action_flag": 1, "change_message": "[{\"added\": {}}]"}}, {"model": "admin.logentry", "pk": 209, "fields": {"action_time": "2023-02-26T08:18:28.049Z", "user": 1, "content_type": 4, "object_id": "309", "object_repr": "309", "action_flag": 1, "change_message": "[{\"added\": {}}]"}}, {"model": "admin.logentry", "pk": 210, "fields": {"action_time": "2023-02-26T08:19:41.940Z", "user": 1, "content_type": 4, "object_id": "309", "object_repr": "309", "action_flag": 3, "change_message": ""}}, {"model": "admin.logentry", "pk": 211, "fields": {"action_time": "2023-02-26T08:19:41.959Z", "user": 1, "content_type": 4, "object_id": "308", "object_repr": "308", "action_flag": 3, "change_message": ""}}, {"model": "admin.logentry", "pk": 212, "fields": {"action_time": "2023-02-26T08:19:41.976Z", "user": 1, "content_type": 4, "object_id": "307", "object_repr": "307", "action_flag": 3, "change_message": ""}}, {"model": "admin.logentry", "pk": 213, "fields": {"action_time": "2023-02-26T08:19:41.993Z", "user": 1, "content_type": 4, "object_id": "306", "object_repr": "306", "action_flag": 3, "change_message": ""}}, {"model": "admin.logentry", "pk": 214, "fields": {"action_time": "2023-02-26T08:19:42.026Z", "user": 1, "content_type": 4, "object_id": "305", "object_repr": "305", "action_flag": 3, "change_message": ""}}, {"model": "admin.logentry", "pk": 215, "fields": {"action_time": "2023-02-26T08:19:42.043Z", "user": 1, "content_type": 4, "object_id": "304", "object_repr": "304", "action_flag": 3, "change_message": ""}}, {"model": "admin.logentry", "pk": 216, "fields": {"action_time": "2023-02-26T08:19:42.060Z", "user": 1, "content_type": 4, "object_id": "299", "object_repr": "299", "action_flag": 3, "change_message": ""}}, {"model": "admin.logentry", "pk": 217, "fields": {"action_time": "2023-02-26T08:19:42.077Z", "user": 1, "content_type": 4, "object_id": "298", "object_repr": "298", "action_flag": 3, "change_message": ""}}, {"model": "admin.logentry", "pk": 218, "fields": {"action_time": "2023-02-26T08:19:42.097Z", "user": 1, "content_type": 4, "object_id": "297", "object_repr": "297", "action_flag": 3, "change_message": ""}}, {"model": "admin.logentry", "pk": 219, "fields": {"action_time": "2023-02-26T08:19:42.117Z", "user": 1, "content_type": 4, "object_id": "296", "object_repr": "296", "action_flag": 3, "change_message": ""}}, {"model": "admin.logentry", "pk": 220, "fields": {"action_time": "2023-02-26T08:19:42.137Z", "user": 1, "content_type": 4, "object_id": "292", "object_repr": "292", "action_flag": 3, "change_message": ""}}, {"model": "admin.logentry", "pk": 221, "fields": {"action_time": "2023-02-26T08:19:42.157Z", "user": 1, "content_type": 4, "object_id": "291", "object_repr": "291", "action_flag": 3, "change_message": ""}}, {"model": "admin.logentry", "pk": 222, "fields": {"action_time": "2023-02-26T08:19:42.179Z", "user": 1, "content_type": 4, "object_id": "290", "object_repr": "290", "action_flag": 3, "change_message": ""}}, {"model": "admin.logentry", "pk": 223, "fields": {"action_time": "2023-02-26T08:19:42.199Z", "user": 1, "content_type": 4, "object_id": "288", "object_repr": "288", "action_flag": 3, "change_message": ""}}, {"model": "admin.logentry", "pk": 224, "fields": {"action_time": "2023-02-26T08:19:42.223Z", "user": 1, "content_type": 4, "object_id": "284", "object_repr": "284", "action_flag": 3, "change_message": ""}}, {"model": "admin.logentry", "pk": 225, "fields": {"action_time": "2023-02-26T08:19:42.242Z", "user": 1, "content_type": 4, "object_id": "283", "object_repr": "283", "action_flag": 3, "change_message": ""}}, {"model": "admin.logentry", "pk": 226, "fields": {"action_time": "2023-02-26T08:19:42.261Z", "user": 1, "content_type": 4, "object_id": "282", "object_repr": "282", "action_flag": 3, "change_message": ""}}, {"model": "admin.logentry", "pk": 227, "fields": {"action_time": "2023-02-26T08:19:42.279Z", "user": 1, "content_type": 4, "object_id": "279", "object_repr": "279", "action_flag": 3, "change_message": ""}}, {"model": "admin.logentry", "pk": 228, "fields": {"action_time": "2023-02-26T08:19:42.295Z", "user": 1, "content_type": 4, "object_id": "278", "object_repr": "278", "action_flag": 3, "change_message": ""}}, {"model": "admin.logentry", "pk": 229, "fields": {"action_time": "2023-02-26T08:19:42.311Z", "user": 1, "content_type": 4, "object_id": "269", "object_repr": "269", "action_flag": 3, "change_message": ""}}, {"model": "admin.logentry", "pk": 230, "fields": {"action_time": "2023-02-26T08:19:42.327Z", "user": 1, "content_type": 4, "object_id": "265", "object_repr": "265", "action_flag": 3, "change_message": ""}}, {"model": "admin.logentry", "pk": 231, "fields": {"action_time": "2023-02-26T08:19:42.344Z", "user": 1, "content_type": 4, "object_id": "264", "object_repr": "264", "action_flag": 3, "change_message": ""}}, {"model": "admin.logentry", "pk": 232, "fields": {"action_time": "2023-02-26T08:19:42.361Z", "user": 1, "content_type": 4, "object_id": "248", "object_repr": "248", "action_flag": 3, "change_message": ""}}, {"model": "admin.logentry", "pk": 233, "fields": {"action_time": "2023-02-26T08:19:42.378Z", "user": 1, "content_type": 4, "object_id": "247", "object_repr": "247", "action_flag": 3, "change_message": ""}}, {"model": "admin.logentry", "pk": 234, "fields": {"action_time": "2023-02-26T08:19:51.080Z", "user": 1, "content_type": 4, "object_id": "310", "object_repr": "310", "action_flag": 1, "change_message": "[{\"added\": {}}]"}}, {"model": "admin.logentry", "pk": 235, "fields": {"action_time": "2023-02-26T08:21:24.262Z", "user": 1, "content_type": 4, "object_id": "311", "object_repr": "311", "action_flag": 1, "change_message": "[{\"added\": {}}]"}}, {"model": "admin.logentry", "pk": 236, "fields": {"action_time": "2023-02-26T08:22:25.464Z", "user": 1, "content_type": 23, "object_id": "13", "object_repr": "13", "action_flag": 3, "change_message": ""}}, {"model": "admin.logentry", "pk": 237, "fields": {"action_time": "2023-02-26T08:22:25.494Z", "user": 1, "content_type": 23, "object_id": "12", "object_repr": "12", "action_flag": 3, "change_message": ""}}, {"model": "admin.logentry", "pk": 238, "fields": {"action_time": "2023-02-26T08:22:25.520Z", "user": 1, "content_type": 23, "object_id": "11", "object_repr": "11", "action_flag": 3, "change_message": ""}}, {"model": "admin.logentry", "pk": 239, "fields": {"action_time": "2023-02-26T08:22:25.546Z", "user": 1, "content_type": 23, "object_id": "10", "object_repr": "10", "action_flag": 3, "change_message": ""}}, {"model": "admin.logentry", "pk": 240, "fields": {"action_time": "2023-02-26T08:22:25.573Z", "user": 1, "content_type": 23, "object_id": "9", "object_repr": "9", "action_flag": 3, "change_message": ""}}, {"model": "admin.logentry", "pk": 241, "fields": {"action_time": "2023-02-26T08:22:25.610Z", "user": 1, "content_type": 23, "object_id": "8", "object_repr": "8", "action_flag": 3, "change_message": ""}}, {"model": "admin.logentry", "pk": 242, "fields": {"action_time": "2023-02-26T08:22:25.637Z", "user": 1, "content_type": 23, "object_id": "7", "object_repr": "7", "action_flag": 3, "change_message": ""}}, {"model": "admin.logentry", "pk": 243, "fields": {"action_time": "2023-02-26T08:22:25.664Z", "user": 1, "content_type": 23, "object_id": "6", "object_repr": "6", "action_flag": 3, "change_message": ""}}, {"model": "admin.logentry", "pk": 244, "fields": {"action_time": "2023-02-26T08:22:25.691Z", "user": 1, "content_type": 23, "object_id": "1", "object_repr": "1", "action_flag": 3, "change_message": ""}}, {"model": "admin.logentry", "pk": 245, "fields": {"action_time": "2023-02-26T08:22:44.296Z", "user": 1, "content_type": 4, "object_id": "312", "object_repr": "312", "action_flag": 1, "change_message": "[{\"added\": {}}]"}}, {"model": "admin.logentry", "pk": 246, "fields": {"action_time": "2023-02-26T08:25:07.431Z", "user": 1, "content_type": 4, "object_id": "312", "object_repr": "312", "action_flag": 3, "change_message": ""}}, {"model": "admin.logentry", "pk": 247, "fields": {"action_time": "2023-02-26T08:25:07.448Z", "user": 1, "content_type": 4, "object_id": "311", "object_repr": "311", "action_flag": 3, "change_message": ""}}, {"model": "admin.logentry", "pk": 248, "fields": {"action_time": "2023-02-26T08:25:07.462Z", "user": 1, "content_type": 4, "object_id": "310", "object_repr": "310", "action_flag": 3, "change_message": ""}}, {"model": "admin.logentry", "pk": 249, "fields": {"action_time": "2023-02-26T08:25:14.674Z", "user": 1, "content_type": 4, "object_id": "313", "object_repr": "313", "action_flag": 1, "change_message": "[{\"added\": {}}]"}}, {"model": "admin.logentry", "pk": 250, "fields": {"action_time": "2023-02-26T08:30:05.646Z", "user": 1, "content_type": 4, "object_id": "314", "object_repr": "314", "action_flag": 1, "change_message": "[{\"added\": {}}]"}}, {"model": "admin.logentry", "pk": 251, "fields": {"action_time": "2023-02-26T08:30:46.032Z", "user": 1, "content_type": 4, "object_id": "315", "object_repr": "315", "action_flag": 1, "change_message": "[{\"added\": {}}]"}}, {"model": "admin.logentry", "pk": 252, "fields": {"action_time": "2023-02-26T08:34:43.786Z", "user": 1, "content_type": 4, "object_id": "316", "object_repr": "316", "action_flag": 1, "change_message": "[{\"added\": {}}]"}}, {"model": "admin.logentry", "pk": 253, "fields": {"action_time": "2023-02-26T08:43:06.705Z", "user": 1, "content_type": 4, "object_id": "317", "object_repr": "317", "action_flag": 1, "change_message": "[{\"added\": {}}]"}}, {"model": "admin.logentry", "pk": 254, "fields": {"action_time": "2023-02-26T08:43:27.696Z", "user": 1, "content_type": 4, "object_id": "317", "object_repr": "317", "action_flag": 3, "change_message": ""}}, {"model": "admin.logentry", "pk": 255, "fields": {"action_time": "2023-02-26T08:43:27.702Z", "user": 1, "content_type": 4, "object_id": "316", "object_repr": "316", "action_flag": 3, "change_message": ""}}, {"model": "admin.logentry", "pk": 256, "fields": {"action_time": "2023-02-26T08:43:27.712Z", "user": 1, "content_type": 4, "object_id": "315", "object_repr": "315", "action_flag": 3, "change_message": ""}}, {"model": "admin.logentry", "pk": 257, "fields": {"action_time": "2023-02-26T08:43:27.719Z", "user": 1, "content_type": 4, "object_id": "314", "object_repr": "314", "action_flag": 3, "change_message": ""}}, {"model": "admin.logentry", "pk": 258, "fields": {"action_time": "2023-02-26T08:43:27.724Z", "user": 1, "content_type": 4, "object_id": "313", "object_repr": "313", "action_flag": 3, "change_message": ""}}, {"model": "admin.logentry", "pk": 259, "fields": {"action_time": "2023-02-26T08:43:37.301Z", "user": 1, "content_type": 4, "object_id": "318", "object_repr": "318", "action_flag": 1, "change_message": "[{\"added\": {}}]"}}, {"model": "admin.logentry", "pk": 260, "fields": {"action_time": "2023-02-26T08:46:35.000Z", "user": 1, "content_type": 4, "object_id": "319", "object_repr": "319", "action_flag": 1, "change_message": "[{\"added\": {}}]"}}, {"model": "admin.logentry", "pk": 261, "fields": {"action_time": "2023-02-26T08:56:18.304Z", "user": 1, "content_type": 4, "object_id": "320", "object_repr": "320", "action_flag": 1, "change_message": "[{\"added\": {}}]"}}, {"model": "admin.logentry", "pk": 262, "fields": {"action_time": "2023-02-26T08:59:28.794Z", "user": 1, "content_type": 4, "object_id": "321", "object_repr": "321", "action_flag": 1, "change_message": "[{\"added\": {}}]"}}, {"model": "admin.logentry", "pk": 263, "fields": {"action_time": "2023-02-27T02:19:28.254Z", "user": 1, "content_type": 4, "object_id": "321", "object_repr": "321", "action_flag": 3, "change_message": ""}}, {"model": "admin.logentry", "pk": 264, "fields": {"action_time": "2023-02-27T02:19:28.271Z", "user": 1, "content_type": 4, "object_id": "320", "object_repr": "320", "action_flag": 3, "change_message": ""}}, {"model": "admin.logentry", "pk": 265, "fields": {"action_time": "2023-02-27T02:19:28.302Z", "user": 1, "content_type": 4, "object_id": "319", "object_repr": "319", "action_flag": 3, "change_message": ""}}, {"model": "admin.logentry", "pk": 266, "fields": {"action_time": "2023-02-27T02:19:28.317Z", "user": 1, "content_type": 4, "object_id": "318", "object_repr": "318", "action_flag": 3, "change_message": ""}}, {"model": "admin.logentry", "pk": 267, "fields": {"action_time": "2023-02-27T02:19:39.263Z", "user": 1, "content_type": 4, "object_id": "322", "object_repr": "322", "action_flag": 1, "change_message": "[{\"added\": {}}]"}}, {"model": "admin.logentry", "pk": 268, "fields": {"action_time": "2023-02-27T02:20:30.715Z", "user": 1, "content_type": 2, "object_id": "45", "object_repr": "45", "action_flag": 1, "change_message": "[{\"added\": {}}]"}}, {"model": "admin.logentry", "pk": 269, "fields": {"action_time": "2023-02-27T02:45:18.718Z", "user": 1, "content_type": 4, "object_id": "323", "object_repr": "323", "action_flag": 1, "change_message": "[{\"added\": {}}]"}}, {"model": "admin.logentry", "pk": 270, "fields": {"action_time": "2023-02-27T04:07:53.822Z", "user": 1, "content_type": 24, "object_id": "1", "object_repr": "1", "action_flag": 3, "change_message": ""}}, {"model": "admin.logentry", "pk": 271, "fields": {"action_time": "2023-02-27T08:56:39.131Z", "user": 1, "content_type": 4, "object_id": "324", "object_repr": "324", "action_flag": 1, "change_message": "[{\"added\": {}}]"}}, {"model": "admin.logentry", "pk": 272, "fields": {"action_time": "2023-02-27T08:59:55.565Z", "user": 1, "content_type": 2, "object_id": "46", "object_repr": "46", "action_flag": 1, "change_message": "[{\"added\": {}}]"}}, {"model": "admin.logentry", "pk": 273, "fields": {"action_time": "2023-02-27T09:01:18.077Z", "user": 1, "content_type": 3, "object_id": "8", "object_repr": "8", "action_flag": 1, "change_message": "[{\"added\": {}}]"}}, {"model": "admin.logentry", "pk": 274, "fields": {"action_time": "2023-02-27T09:08:57.060Z", "user": 1, "content_type": 4, "object_id": "325", "object_repr": "325", "action_flag": 1, "change_message": "[{\"added\": {}}]"}}, {"model": "admin.logentry", "pk": 275, "fields": {"action_time": "2023-02-27T09:31:19.448Z", "user": 1, "content_type": 4, "object_id": "326", "object_repr": "326", "action_flag": 1, "change_message": "[{\"added\": {}}]"}}, {"model": "admin.logentry", "pk": 276, "fields": {"action_time": "2023-02-27T09:55:42.245Z", "user": 1, "content_type": 4, "object_id": "327", "object_repr": "327", "action_flag": 1, "change_message": "[{\"added\": {}}]"}}, {"model": "admin.logentry", "pk": 277, "fields": {"action_time": "2023-02-27T09:58:13.040Z", "user": 1, "content_type": 2, "object_id": "47", "object_repr": "47", "action_flag": 1, "change_message": "[{\"added\": {}}]"}}, {"model": "admin.logentry", "pk": 278, "fields": {"action_time": "2023-02-27T10:01:20.789Z", "user": 1, "content_type": 4, "object_id": "327", "object_repr": "327", "action_flag": 3, "change_message": ""}}, {"model": "admin.logentry", "pk": 279, "fields": {"action_time": "2023-02-27T10:01:20.809Z", "user": 1, "content_type": 4, "object_id": "326", "object_repr": "326", "action_flag": 3, "change_message": ""}}, {"model": "admin.logentry", "pk": 280, "fields": {"action_time": "2023-02-27T10:01:20.827Z", "user": 1, "content_type": 4, "object_id": "325", "object_repr": "325", "action_flag": 3, "change_message": ""}}, {"model": "admin.logentry", "pk": 281, "fields": {"action_time": "2023-02-27T10:01:20.844Z", "user": 1, "content_type": 4, "object_id": "324", "object_repr": "324", "action_flag": 3, "change_message": ""}}, {"model": "admin.logentry", "pk": 282, "fields": {"action_time": "2023-02-27T10:01:20.860Z", "user": 1, "content_type": 4, "object_id": "323", "object_repr": "323", "action_flag": 3, "change_message": ""}}, {"model": "admin.logentry", "pk": 283, "fields": {"action_time": "2023-02-27T10:01:20.878Z", "user": 1, "content_type": 4, "object_id": "322", "object_repr": "322", "action_flag": 3, "change_message": ""}}, {"model": "admin.logentry", "pk": 284, "fields": {"action_time": "2023-02-27T10:01:29.456Z", "user": 1, "content_type": 4, "object_id": "328", "object_repr": "328", "action_flag": 1, "change_message": "[{\"added\": {}}]"}}, {"model": "admin.logentry", "pk": 285, "fields": {"action_time": "2023-03-02T03:28:16.634Z", "user": 1, "content_type": 4, "object_id": "332", "object_repr": "332", "action_flag": 1, "change_message": "[{\"added\": {}}]"}}, {"model": "admin.logentry", "pk": 286, "fields": {"action_time": "2023-03-03T09:52:24.127Z", "user": 1, "content_type": 4, "object_id": "333", "object_repr": "333", "action_flag": 1, "change_message": "[{\"added\": {}}]"}}, {"model": "admin.logentry", "pk": 287, "fields": {"action_time": "2023-03-03T09:52:54.114Z", "user": 1, "content_type": 4, "object_id": "334", "object_repr": "334", "action_flag": 1, "change_message": "[{\"added\": {}}]"}}, {"model": "admin.logentry", "pk": 288, "fields": {"action_time": "2023-03-03T09:58:07.225Z", "user": 1, "content_type": 4, "object_id": "335", "object_repr": "335", "action_flag": 1, "change_message": "[{\"added\": {}}]"}}, {"model": "admin.logentry", "pk": 289, "fields": {"action_time": "2023-03-03T09:58:29.139Z", "user": 1, "content_type": 4, "object_id": "336", "object_repr": "336", "action_flag": 1, "change_message": "[{\"added\": {}}]"}}, {"model": "admin.logentry", "pk": 290, "fields": {"action_time": "2023-03-03T09:59:11.713Z", "user": 1, "content_type": 4, "object_id": "337", "object_repr": "337", "action_flag": 1, "change_message": "[{\"added\": {}}]"}}, {"model": "admin.logentry", "pk": 291, "fields": {"action_time": "2023-03-03T09:59:29.616Z", "user": 1, "content_type": 4, "object_id": "338", "object_repr": "338", "action_flag": 1, "change_message": "[{\"added\": {}}]"}}, {"model": "admin.logentry", "pk": 292, "fields": {"action_time": "2023-03-03T09:59:55.388Z", "user": 1, "content_type": 4, "object_id": "339", "object_repr": "339", "action_flag": 1, "change_message": "[{\"added\": {}}]"}}, {"model": "admin.logentry", "pk": 293, "fields": {"action_time": "2023-03-03T10:01:13.114Z", "user": 1, "content_type": 4, "object_id": "340", "object_repr": "340", "action_flag": 1, "change_message": "[{\"added\": {}}]"}}, {"model": "admin.logentry", "pk": 294, "fields": {"action_time": "2023-03-04T14:10:13.154Z", "user": 1, "content_type": 21, "object_id": "1", "object_repr": "1", "action_flag": 2, "change_message": "[{\"changed\": {\"fields\": [\"Type\", \"User\"]}}]"}}, {"model": "admin.logentry", "pk": 295, "fields": {"action_time": "2023-03-06T04:14:16.892Z", "user": 1, "content_type": 22, "object_id": "1", "object_repr": "1", "action_flag": 1, "change_message": "[{\"added\": {}}]"}}, {"model": "admin.logentry", "pk": 296, "fields": {"action_time": "2023-03-06T04:14:59.906Z", "user": 1, "content_type": 22, "object_id": "2", "object_repr": "2", "action_flag": 1, "change_message": "[{\"added\": {}}]"}}, {"model": "admin.logentry", "pk": 297, "fields": {"action_time": "2023-03-06T04:15:21.687Z", "user": 1, "content_type": 22, "object_id": "3", "object_repr": "3", "action_flag": 1, "change_message": "[{\"added\": {}}]"}}, {"model": "admin.logentry", "pk": 298, "fields": {"action_time": "2023-03-06T04:15:58.133Z", "user": 1, "content_type": 22, "object_id": "4", "object_repr": "4", "action_flag": 1, "change_message": "[{\"added\": {}}]"}}, {"model": "admin.logentry", "pk": 299, "fields": {"action_time": "2023-03-06T04:16:39.412Z", "user": 1, "content_type": 22, "object_id": "5", "object_repr": "5", "action_flag": 1, "change_message": "[{\"added\": {}}]"}}, {"model": "admin.logentry", "pk": 300, "fields": {"action_time": "2023-03-06T04:17:14.056Z", "user": 1, "content_type": 22, "object_id": "6", "object_repr": "6", "action_flag": 1, "change_message": "[{\"added\": {}}]"}}, {"model": "admin.logentry", "pk": 301, "fields": {"action_time": "2023-03-06T04:17:36.541Z", "user": 1, "content_type": 22, "object_id": "7", "object_repr": "7", "action_flag": 1, "change_message": "[{\"added\": {}}]"}}, {"model": "admin.logentry", "pk": 302, "fields": {"action_time": "2023-03-06T04:18:11.520Z", "user": 1, "content_type": 22, "object_id": "8", "object_repr": "8", "action_flag": 1, "change_message": "[{\"added\": {}}]"}}, {"model": "admin.logentry", "pk": 303, "fields": {"action_time": "2023-03-06T04:18:29.360Z", "user": 1, "content_type": 22, "object_id": "9", "object_repr": "9", "action_flag": 1, "change_message": "[{\"added\": {}}]"}}, {"model": "admin.logentry", "pk": 304, "fields": {"action_time": "2023-03-07T01:50:53.583Z", "user": 1, "content_type": 21, "object_id": "5", "object_repr": "5", "action_flag": 3, "change_message": ""}}, {"model": "admin.logentry", "pk": 305, "fields": {"action_time": "2023-03-07T01:50:53.589Z", "user": 1, "content_type": 21, "object_id": "4", "object_repr": "4", "action_flag": 3, "change_message": ""}}, {"model": "admin.logentry", "pk": 306, "fields": {"action_time": "2023-03-07T02:21:03.675Z", "user": 1, "content_type": 21, "object_id": "6", "object_repr": "6", "action_flag": 3, "change_message": ""}}, {"model": "admin.logentry", "pk": 307, "fields": {"action_time": "2023-03-08T01:45:46.468Z", "user": 1, "content_type": 22, "object_id": "48", "object_repr": "48", "action_flag": 3, "change_message": ""}}, {"model": "admin.logentry", "pk": 308, "fields": {"action_time": "2023-03-08T01:45:46.481Z", "user": 1, "content_type": 22, "object_id": "47", "object_repr": "47", "action_flag": 3, "change_message": ""}}, {"model": "admin.logentry", "pk": 309, "fields": {"action_time": "2023-03-08T01:45:46.486Z", "user": 1, "content_type": 22, "object_id": "46", "object_repr": "46", "action_flag": 3, "change_message": ""}}, {"model": "admin.logentry", "pk": 310, "fields": {"action_time": "2023-03-08T01:45:46.490Z", "user": 1, "content_type": 22, "object_id": "45", "object_repr": "45", "action_flag": 3, "change_message": ""}}, {"model": "admin.logentry", "pk": 311, "fields": {"action_time": "2023-03-08T01:45:46.494Z", "user": 1, "content_type": 22, "object_id": "44", "object_repr": "44", "action_flag": 3, "change_message": ""}}, {"model": "admin.logentry", "pk": 312, "fields": {"action_time": "2023-03-08T01:45:46.499Z", "user": 1, "content_type": 22, "object_id": "43", "object_repr": "43", "action_flag": 3, "change_message": ""}}, {"model": "admin.logentry", "pk": 313, "fields": {"action_time": "2023-03-08T01:45:46.504Z", "user": 1, "content_type": 22, "object_id": "42", "object_repr": "42", "action_flag": 3, "change_message": ""}}, {"model": "admin.logentry", "pk": 314, "fields": {"action_time": "2023-03-08T01:45:46.509Z", "user": 1, "content_type": 22, "object_id": "41", "object_repr": "41", "action_flag": 3, "change_message": ""}}, {"model": "admin.logentry", "pk": 315, "fields": {"action_time": "2023-03-08T01:45:46.513Z", "user": 1, "content_type": 22, "object_id": "40", "object_repr": "40", "action_flag": 3, "change_message": ""}}, {"model": "admin.logentry", "pk": 316, "fields": {"action_time": "2023-03-08T01:45:46.518Z", "user": 1, "content_type": 22, "object_id": "39", "object_repr": "39", "action_flag": 3, "change_message": ""}}, {"model": "admin.logentry", "pk": 317, "fields": {"action_time": "2023-03-08T01:45:46.523Z", "user": 1, "content_type": 22, "object_id": "38", "object_repr": "38", "action_flag": 3, "change_message": ""}}, {"model": "admin.logentry", "pk": 318, "fields": {"action_time": "2023-03-08T01:45:46.528Z", "user": 1, "content_type": 22, "object_id": "37", "object_repr": "37", "action_flag": 3, "change_message": ""}}, {"model": "admin.logentry", "pk": 319, "fields": {"action_time": "2023-03-08T01:45:46.533Z", "user": 1, "content_type": 22, "object_id": "36", "object_repr": "36", "action_flag": 3, "change_message": ""}}, {"model": "admin.logentry", "pk": 320, "fields": {"action_time": "2023-03-08T01:45:46.538Z", "user": 1, "content_type": 22, "object_id": "35", "object_repr": "35", "action_flag": 3, "change_message": ""}}, {"model": "admin.logentry", "pk": 321, "fields": {"action_time": "2023-03-08T01:45:46.543Z", "user": 1, "content_type": 22, "object_id": "34", "object_repr": "34", "action_flag": 3, "change_message": ""}}, {"model": "admin.logentry", "pk": 322, "fields": {"action_time": "2023-03-08T01:45:46.548Z", "user": 1, "content_type": 22, "object_id": "33", "object_repr": "33", "action_flag": 3, "change_message": ""}}, {"model": "admin.logentry", "pk": 323, "fields": {"action_time": "2023-03-08T01:45:46.552Z", "user": 1, "content_type": 22, "object_id": "32", "object_repr": "32", "action_flag": 3, "change_message": ""}}, {"model": "admin.logentry", "pk": 324, "fields": {"action_time": "2023-03-08T01:45:46.558Z", "user": 1, "content_type": 22, "object_id": "31", "object_repr": "31", "action_flag": 3, "change_message": ""}}, {"model": "admin.logentry", "pk": 325, "fields": {"action_time": "2023-03-08T01:45:46.567Z", "user": 1, "content_type": 22, "object_id": "30", "object_repr": "30", "action_flag": 3, "change_message": ""}}, {"model": "admin.logentry", "pk": 326, "fields": {"action_time": "2023-03-08T01:45:46.575Z", "user": 1, "content_type": 22, "object_id": "29", "object_repr": "29", "action_flag": 3, "change_message": ""}}, {"model": "admin.logentry", "pk": 327, "fields": {"action_time": "2023-03-08T01:45:46.584Z", "user": 1, "content_type": 22, "object_id": "28", "object_repr": "28", "action_flag": 3, "change_message": ""}}, {"model": "admin.logentry", "pk": 328, "fields": {"action_time": "2023-03-08T01:45:46.593Z", "user": 1, "content_type": 22, "object_id": "27", "object_repr": "27", "action_flag": 3, "change_message": ""}}, {"model": "admin.logentry", "pk": 329, "fields": {"action_time": "2023-03-08T01:45:46.603Z", "user": 1, "content_type": 22, "object_id": "26", "object_repr": "26", "action_flag": 3, "change_message": ""}}, {"model": "admin.logentry", "pk": 330, "fields": {"action_time": "2023-03-08T01:45:46.610Z", "user": 1, "content_type": 22, "object_id": "25", "object_repr": "25", "action_flag": 3, "change_message": ""}}, {"model": "admin.logentry", "pk": 331, "fields": {"action_time": "2023-03-08T01:45:46.618Z", "user": 1, "content_type": 22, "object_id": "24", "object_repr": "24", "action_flag": 3, "change_message": ""}}, {"model": "admin.logentry", "pk": 332, "fields": {"action_time": "2023-03-08T01:45:46.625Z", "user": 1, "content_type": 22, "object_id": "23", "object_repr": "23", "action_flag": 3, "change_message": ""}}, {"model": "admin.logentry", "pk": 333, "fields": {"action_time": "2023-03-08T01:45:46.634Z", "user": 1, "content_type": 22, "object_id": "22", "object_repr": "22", "action_flag": 3, "change_message": ""}}, {"model": "admin.logentry", "pk": 334, "fields": {"action_time": "2023-03-08T01:45:46.642Z", "user": 1, "content_type": 22, "object_id": "21", "object_repr": "21", "action_flag": 3, "change_message": ""}}, {"model": "admin.logentry", "pk": 335, "fields": {"action_time": "2023-03-08T01:45:46.652Z", "user": 1, "content_type": 22, "object_id": "20", "object_repr": "20", "action_flag": 3, "change_message": ""}}, {"model": "admin.logentry", "pk": 336, "fields": {"action_time": "2023-03-08T01:45:46.660Z", "user": 1, "content_type": 22, "object_id": "19", "object_repr": "19", "action_flag": 3, "change_message": ""}}, {"model": "admin.logentry", "pk": 337, "fields": {"action_time": "2023-03-08T01:45:46.668Z", "user": 1, "content_type": 22, "object_id": "18", "object_repr": "18", "action_flag": 3, "change_message": ""}}, {"model": "admin.logentry", "pk": 338, "fields": {"action_time": "2023-03-08T01:45:46.676Z", "user": 1, "content_type": 22, "object_id": "17", "object_repr": "17", "action_flag": 3, "change_message": ""}}, {"model": "admin.logentry", "pk": 339, "fields": {"action_time": "2023-03-08T01:45:46.685Z", "user": 1, "content_type": 22, "object_id": "16", "object_repr": "16", "action_flag": 3, "change_message": ""}}, {"model": "admin.logentry", "pk": 340, "fields": {"action_time": "2023-03-08T01:45:46.694Z", "user": 1, "content_type": 22, "object_id": "15", "object_repr": "15", "action_flag": 3, "change_message": ""}}, {"model": "admin.logentry", "pk": 341, "fields": {"action_time": "2023-03-08T01:45:46.705Z", "user": 1, "content_type": 22, "object_id": "14", "object_repr": "14", "action_flag": 3, "change_message": ""}}, {"model": "admin.logentry", "pk": 342, "fields": {"action_time": "2023-03-08T01:45:46.713Z", "user": 1, "content_type": 22, "object_id": "13", "object_repr": "13", "action_flag": 3, "change_message": ""}}, {"model": "admin.logentry", "pk": 343, "fields": {"action_time": "2023-03-08T01:45:46.723Z", "user": 1, "content_type": 22, "object_id": "12", "object_repr": "12", "action_flag": 3, "change_message": ""}}, {"model": "admin.logentry", "pk": 344, "fields": {"action_time": "2023-03-08T02:15:17.727Z", "user": 1, "content_type": 22, "object_id": "79", "object_repr": "79", "action_flag": 3, "change_message": ""}}, {"model": "admin.logentry", "pk": 345, "fields": {"action_time": "2023-03-08T02:15:17.750Z", "user": 1, "content_type": 22, "object_id": "78", "object_repr": "78", "action_flag": 3, "change_message": ""}}, {"model": "admin.logentry", "pk": 346, "fields": {"action_time": "2023-03-08T02:15:17.772Z", "user": 1, "content_type": 22, "object_id": "77", "object_repr": "77", "action_flag": 3, "change_message": ""}}, {"model": "admin.logentry", "pk": 347, "fields": {"action_time": "2023-03-08T02:15:17.796Z", "user": 1, "content_type": 22, "object_id": "76", "object_repr": "76", "action_flag": 3, "change_message": ""}}, {"model": "admin.logentry", "pk": 348, "fields": {"action_time": "2023-03-08T02:15:17.821Z", "user": 1, "content_type": 22, "object_id": "75", "object_repr": "75", "action_flag": 3, "change_message": ""}}, {"model": "admin.logentry", "pk": 349, "fields": {"action_time": "2023-03-08T02:15:17.845Z", "user": 1, "content_type": 22, "object_id": "74", "object_repr": "74", "action_flag": 3, "change_message": ""}}, {"model": "admin.logentry", "pk": 350, "fields": {"action_time": "2023-03-08T02:15:17.866Z", "user": 1, "content_type": 22, "object_id": "73", "object_repr": "73", "action_flag": 3, "change_message": ""}}, {"model": "admin.logentry", "pk": 351, "fields": {"action_time": "2023-03-08T02:15:17.893Z", "user": 1, "content_type": 22, "object_id": "72", "object_repr": "72", "action_flag": 3, "change_message": ""}}, {"model": "admin.logentry", "pk": 352, "fields": {"action_time": "2023-03-08T02:15:17.920Z", "user": 1, "content_type": 22, "object_id": "71", "object_repr": "71", "action_flag": 3, "change_message": ""}}, {"model": "admin.logentry", "pk": 353, "fields": {"action_time": "2023-03-08T02:15:17.947Z", "user": 1, "content_type": 22, "object_id": "70", "object_repr": "70", "action_flag": 3, "change_message": ""}}, {"model": "admin.logentry", "pk": 354, "fields": {"action_time": "2023-03-08T02:15:17.982Z", "user": 1, "content_type": 22, "object_id": "69", "object_repr": "69", "action_flag": 3, "change_message": ""}}, {"model": "admin.logentry", "pk": 355, "fields": {"action_time": "2023-03-08T02:15:18.000Z", "user": 1, "content_type": 22, "object_id": "68", "object_repr": "68", "action_flag": 3, "change_message": ""}}, {"model": "admin.logentry", "pk": 356, "fields": {"action_time": "2023-03-08T02:15:18.017Z", "user": 1, "content_type": 22, "object_id": "67", "object_repr": "67", "action_flag": 3, "change_message": ""}}, {"model": "admin.logentry", "pk": 357, "fields": {"action_time": "2023-03-08T02:15:18.034Z", "user": 1, "content_type": 22, "object_id": "66", "object_repr": "66", "action_flag": 3, "change_message": ""}}, {"model": "admin.logentry", "pk": 358, "fields": {"action_time": "2023-03-08T02:15:18.051Z", "user": 1, "content_type": 22, "object_id": "65", "object_repr": "65", "action_flag": 3, "change_message": ""}}, {"model": "admin.logentry", "pk": 359, "fields": {"action_time": "2023-03-08T02:15:18.069Z", "user": 1, "content_type": 22, "object_id": "64", "object_repr": "64", "action_flag": 3, "change_message": ""}}, {"model": "admin.logentry", "pk": 360, "fields": {"action_time": "2023-03-08T02:15:18.087Z", "user": 1, "content_type": 22, "object_id": "63", "object_repr": "63", "action_flag": 3, "change_message": ""}}, {"model": "admin.logentry", "pk": 361, "fields": {"action_time": "2023-03-08T02:15:18.105Z", "user": 1, "content_type": 22, "object_id": "62", "object_repr": "62", "action_flag": 3, "change_message": ""}}, {"model": "admin.logentry", "pk": 362, "fields": {"action_time": "2023-03-08T02:15:18.126Z", "user": 1, "content_type": 22, "object_id": "61", "object_repr": "61", "action_flag": 3, "change_message": ""}}, {"model": "admin.logentry", "pk": 363, "fields": {"action_time": "2023-03-08T02:15:18.148Z", "user": 1, "content_type": 22, "object_id": "60", "object_repr": "60", "action_flag": 3, "change_message": ""}}, {"model": "admin.logentry", "pk": 364, "fields": {"action_time": "2023-03-08T02:15:18.174Z", "user": 1, "content_type": 22, "object_id": "59", "object_repr": "59", "action_flag": 3, "change_message": ""}}, {"model": "admin.logentry", "pk": 365, "fields": {"action_time": "2023-03-08T02:15:18.196Z", "user": 1, "content_type": 22, "object_id": "58", "object_repr": "58", "action_flag": 3, "change_message": ""}}, {"model": "admin.logentry", "pk": 366, "fields": {"action_time": "2023-03-08T02:15:18.219Z", "user": 1, "content_type": 22, "object_id": "57", "object_repr": "57", "action_flag": 3, "change_message": ""}}, {"model": "admin.logentry", "pk": 367, "fields": {"action_time": "2023-03-08T02:15:18.244Z", "user": 1, "content_type": 22, "object_id": "56", "object_repr": "56", "action_flag": 3, "change_message": ""}}, {"model": "admin.logentry", "pk": 368, "fields": {"action_time": "2023-03-08T02:15:18.267Z", "user": 1, "content_type": 22, "object_id": "55", "object_repr": "55", "action_flag": 3, "change_message": ""}}, {"model": "admin.logentry", "pk": 369, "fields": {"action_time": "2023-03-08T02:15:18.301Z", "user": 1, "content_type": 22, "object_id": "54", "object_repr": "54", "action_flag": 3, "change_message": ""}}, {"model": "admin.logentry", "pk": 370, "fields": {"action_time": "2023-03-08T02:15:18.324Z", "user": 1, "content_type": 22, "object_id": "53", "object_repr": "53", "action_flag": 3, "change_message": ""}}, {"model": "admin.logentry", "pk": 371, "fields": {"action_time": "2023-03-08T02:15:18.348Z", "user": 1, "content_type": 22, "object_id": "52", "object_repr": "52", "action_flag": 3, "change_message": ""}}, {"model": "admin.logentry", "pk": 372, "fields": {"action_time": "2023-03-08T02:15:18.376Z", "user": 1, "content_type": 22, "object_id": "51", "object_repr": "51", "action_flag": 3, "change_message": ""}}, {"model": "admin.logentry", "pk": 373, "fields": {"action_time": "2023-03-08T02:15:18.402Z", "user": 1, "content_type": 22, "object_id": "50", "object_repr": "50", "action_flag": 3, "change_message": ""}}, {"model": "admin.logentry", "pk": 374, "fields": {"action_time": "2023-03-08T02:15:18.431Z", "user": 1, "content_type": 22, "object_id": "49", "object_repr": "49", "action_flag": 3, "change_message": ""}}, {"model": "admin.logentry", "pk": 375, "fields": {"action_time": "2023-03-08T02:15:18.450Z", "user": 1, "content_type": 22, "object_id": "11", "object_repr": "11", "action_flag": 3, "change_message": ""}}, {"model": "admin.logentry", "pk": 376, "fields": {"action_time": "2023-03-08T03:23:38.110Z", "user": 1, "content_type": 22, "object_id": "122", "object_repr": "122", "action_flag": 3, "change_message": ""}}, {"model": "admin.logentry", "pk": 377, "fields": {"action_time": "2023-03-08T03:23:38.138Z", "user": 1, "content_type": 22, "object_id": "121", "object_repr": "121", "action_flag": 3, "change_message": ""}}, {"model": "admin.logentry", "pk": 378, "fields": {"action_time": "2023-03-08T03:23:38.165Z", "user": 1, "content_type": 22, "object_id": "120", "object_repr": "120", "action_flag": 3, "change_message": ""}}, {"model": "admin.logentry", "pk": 379, "fields": {"action_time": "2023-03-08T03:23:38.193Z", "user": 1, "content_type": 22, "object_id": "119", "object_repr": "119", "action_flag": 3, "change_message": ""}}, {"model": "admin.logentry", "pk": 380, "fields": {"action_time": "2023-03-08T03:23:38.225Z", "user": 1, "content_type": 22, "object_id": "118", "object_repr": "118", "action_flag": 3, "change_message": ""}}, {"model": "admin.logentry", "pk": 381, "fields": {"action_time": "2023-03-08T03:23:38.257Z", "user": 1, "content_type": 22, "object_id": "117", "object_repr": "117", "action_flag": 3, "change_message": ""}}, {"model": "admin.logentry", "pk": 382, "fields": {"action_time": "2023-03-08T03:23:38.286Z", "user": 1, "content_type": 22, "object_id": "116", "object_repr": "116", "action_flag": 3, "change_message": ""}}, {"model": "admin.logentry", "pk": 383, "fields": {"action_time": "2023-03-08T03:23:38.315Z", "user": 1, "content_type": 22, "object_id": "115", "object_repr": "115", "action_flag": 3, "change_message": ""}}, {"model": "admin.logentry", "pk": 384, "fields": {"action_time": "2023-03-08T03:23:38.348Z", "user": 1, "content_type": 22, "object_id": "114", "object_repr": "114", "action_flag": 3, "change_message": ""}}, {"model": "admin.logentry", "pk": 385, "fields": {"action_time": "2023-03-08T03:23:38.381Z", "user": 1, "content_type": 22, "object_id": "113", "object_repr": "113", "action_flag": 3, "change_message": ""}}, {"model": "admin.logentry", "pk": 386, "fields": {"action_time": "2023-03-08T03:23:38.413Z", "user": 1, "content_type": 22, "object_id": "112", "object_repr": "112", "action_flag": 3, "change_message": ""}}, {"model": "admin.logentry", "pk": 387, "fields": {"action_time": "2023-03-08T03:23:38.443Z", "user": 1, "content_type": 22, "object_id": "111", "object_repr": "111", "action_flag": 3, "change_message": ""}}, {"model": "admin.logentry", "pk": 388, "fields": {"action_time": "2023-03-08T03:23:38.473Z", "user": 1, "content_type": 22, "object_id": "110", "object_repr": "110", "action_flag": 3, "change_message": ""}}, {"model": "admin.logentry", "pk": 389, "fields": {"action_time": "2023-03-08T03:23:38.503Z", "user": 1, "content_type": 22, "object_id": "109", "object_repr": "109", "action_flag": 3, "change_message": ""}}, {"model": "admin.logentry", "pk": 390, "fields": {"action_time": "2023-03-08T03:23:38.534Z", "user": 1, "content_type": 22, "object_id": "108", "object_repr": "108", "action_flag": 3, "change_message": ""}}, {"model": "admin.logentry", "pk": 391, "fields": {"action_time": "2023-03-08T03:23:38.565Z", "user": 1, "content_type": 22, "object_id": "107", "object_repr": "107", "action_flag": 3, "change_message": ""}}, {"model": "admin.logentry", "pk": 392, "fields": {"action_time": "2023-03-08T03:23:38.596Z", "user": 1, "content_type": 22, "object_id": "106", "object_repr": "106", "action_flag": 3, "change_message": ""}}, {"model": "admin.logentry", "pk": 393, "fields": {"action_time": "2023-03-08T03:23:38.628Z", "user": 1, "content_type": 22, "object_id": "105", "object_repr": "105", "action_flag": 3, "change_message": ""}}, {"model": "admin.logentry", "pk": 394, "fields": {"action_time": "2023-03-08T03:23:38.659Z", "user": 1, "content_type": 22, "object_id": "104", "object_repr": "104", "action_flag": 3, "change_message": ""}}, {"model": "admin.logentry", "pk": 395, "fields": {"action_time": "2023-03-08T03:23:38.689Z", "user": 1, "content_type": 22, "object_id": "103", "object_repr": "103", "action_flag": 3, "change_message": ""}}, {"model": "admin.logentry", "pk": 396, "fields": {"action_time": "2023-03-08T03:23:38.732Z", "user": 1, "content_type": 22, "object_id": "102", "object_repr": "102", "action_flag": 3, "change_message": ""}}, {"model": "admin.logentry", "pk": 397, "fields": {"action_time": "2023-03-08T03:23:38.759Z", "user": 1, "content_type": 22, "object_id": "101", "object_repr": "101", "action_flag": 3, "change_message": ""}}, {"model": "admin.logentry", "pk": 398, "fields": {"action_time": "2023-03-08T03:23:38.788Z", "user": 1, "content_type": 22, "object_id": "100", "object_repr": "100", "action_flag": 3, "change_message": ""}}, {"model": "admin.logentry", "pk": 399, "fields": {"action_time": "2023-03-08T03:23:38.817Z", "user": 1, "content_type": 22, "object_id": "99", "object_repr": "99", "action_flag": 3, "change_message": ""}}, {"model": "admin.logentry", "pk": 400, "fields": {"action_time": "2023-03-08T03:23:38.843Z", "user": 1, "content_type": 22, "object_id": "98", "object_repr": "98", "action_flag": 3, "change_message": ""}}, {"model": "admin.logentry", "pk": 401, "fields": {"action_time": "2023-03-08T03:23:38.869Z", "user": 1, "content_type": 22, "object_id": "97", "object_repr": "97", "action_flag": 3, "change_message": ""}}, {"model": "admin.logentry", "pk": 402, "fields": {"action_time": "2023-03-08T03:23:38.896Z", "user": 1, "content_type": 22, "object_id": "96", "object_repr": "96", "action_flag": 3, "change_message": ""}}, {"model": "admin.logentry", "pk": 403, "fields": {"action_time": "2023-03-08T03:23:38.923Z", "user": 1, "content_type": 22, "object_id": "95", "object_repr": "95", "action_flag": 3, "change_message": ""}}, {"model": "admin.logentry", "pk": 404, "fields": {"action_time": "2023-03-08T03:23:38.950Z", "user": 1, "content_type": 22, "object_id": "94", "object_repr": "94", "action_flag": 3, "change_message": ""}}, {"model": "admin.logentry", "pk": 405, "fields": {"action_time": "2023-03-08T03:23:38.980Z", "user": 1, "content_type": 22, "object_id": "93", "object_repr": "93", "action_flag": 3, "change_message": ""}}, {"model": "admin.logentry", "pk": 406, "fields": {"action_time": "2023-03-08T03:23:39.011Z", "user": 1, "content_type": 22, "object_id": "92", "object_repr": "92", "action_flag": 3, "change_message": ""}}, {"model": "admin.logentry", "pk": 407, "fields": {"action_time": "2023-03-08T03:23:39.041Z", "user": 1, "content_type": 22, "object_id": "91", "object_repr": "91", "action_flag": 3, "change_message": ""}}, {"model": "admin.logentry", "pk": 408, "fields": {"action_time": "2023-03-08T03:23:39.089Z", "user": 1, "content_type": 22, "object_id": "90", "object_repr": "90", "action_flag": 3, "change_message": ""}}, {"model": "admin.logentry", "pk": 409, "fields": {"action_time": "2023-03-08T03:23:39.120Z", "user": 1, "content_type": 22, "object_id": "89", "object_repr": "89", "action_flag": 3, "change_message": ""}}, {"model": "admin.logentry", "pk": 410, "fields": {"action_time": "2023-03-08T03:23:39.163Z", "user": 1, "content_type": 22, "object_id": "88", "object_repr": "88", "action_flag": 3, "change_message": ""}}, {"model": "admin.logentry", "pk": 411, "fields": {"action_time": "2023-03-08T03:23:39.195Z", "user": 1, "content_type": 22, "object_id": "87", "object_repr": "87", "action_flag": 3, "change_message": ""}}, {"model": "admin.logentry", "pk": 412, "fields": {"action_time": "2023-03-08T03:23:39.229Z", "user": 1, "content_type": 22, "object_id": "86", "object_repr": "86", "action_flag": 3, "change_message": ""}}, {"model": "admin.logentry", "pk": 413, "fields": {"action_time": "2023-03-08T03:23:39.263Z", "user": 1, "content_type": 22, "object_id": "85", "object_repr": "85", "action_flag": 3, "change_message": ""}}, {"model": "admin.logentry", "pk": 414, "fields": {"action_time": "2023-03-08T03:23:39.332Z", "user": 1, "content_type": 22, "object_id": "84", "object_repr": "84", "action_flag": 3, "change_message": ""}}, {"model": "admin.logentry", "pk": 415, "fields": {"action_time": "2023-03-08T03:23:39.393Z", "user": 1, "content_type": 22, "object_id": "83", "object_repr": "83", "action_flag": 3, "change_message": ""}}, {"model": "admin.logentry", "pk": 416, "fields": {"action_time": "2023-03-08T03:23:39.453Z", "user": 1, "content_type": 22, "object_id": "82", "object_repr": "82", "action_flag": 3, "change_message": ""}}, {"model": "admin.logentry", "pk": 417, "fields": {"action_time": "2023-03-08T03:23:39.521Z", "user": 1, "content_type": 22, "object_id": "81", "object_repr": "81", "action_flag": 3, "change_message": ""}}, {"model": "admin.logentry", "pk": 418, "fields": {"action_time": "2023-03-15T12:23:40.303Z", "user": 1, "content_type": 8, "object_id": "2", "object_repr": "ricks", "action_flag": 2, "change_message": "[{\"changed\": {\"fields\": [\"Email address\"]}}]"}}, {"model": "admin.logentry", "pk": 419, "fields": {"action_time": "2023-03-16T07:06:28.405Z", "user": 1, "content_type": 8, "object_id": "11", "object_repr": "kucingimut2", "action_flag": 3, "change_message": ""}}, {"model": "admin.logentry", "pk": 420, "fields": {"action_time": "2023-03-16T07:06:28.423Z", "user": 1, "content_type": 8, "object_id": "12", "object_repr": "kucingimut3", "action_flag": 3, "change_message": ""}}, {"model": "auth.permission", "pk": 1, "fields": {"name": "Can add post", "content_type": 1, "codename": "add_post"}}, {"model": "auth.permission", "pk": 2, "fields": {"name": "Can change post", "content_type": 1, "codename": "change_post"}}, {"model": "auth.permission", "pk": 3, "fields": {"name": "Can delete post", "content_type": 1, "codename": "delete_post"}}, {"model": "auth.permission", "pk": 4, "fields": {"name": "Can view post", "content_type": 1, "codename": "view_post"}}, {"model": "auth.permission", "pk": 5, "fields": {"name": "Can add comment", "content_type": 2, "codename": "add_comment"}}, {"model": "auth.permission", "pk": 6, "fields": {"name": "Can change comment", "content_type": 2, "codename": "change_comment"}}, {"model": "auth.permission", "pk": 7, "fields": {"name": "Can delete comment", "content_type": 2, "codename": "delete_comment"}}, {"model": "auth.permission", "pk": 8, "fields": {"name": "Can view comment", "content_type": 2, "codename": "view_comment"}}, {"model": "auth.permission", "pk": 9, "fields": {"name": "Can add reply", "content_type": 3, "codename": "add_reply"}}, {"model": "auth.permission", "pk": 10, "fields": {"name": "Can change reply", "content_type": 3, "codename": "change_reply"}}, {"model": "auth.permission", "pk": 11, "fields": {"name": "Can delete reply", "content_type": 3, "codename": "delete_reply"}}, {"model": "auth.permission", "pk": 12, "fields": {"name": "Can view reply", "content_type": 3, "codename": "view_reply"}}, {"model": "auth.permission", "pk": 13, "fields": {"name": "Can add like", "content_type": 4, "codename": "add_like"}}, {"model": "auth.permission", "pk": 14, "fields": {"name": "Can change like", "content_type": 4, "codename": "change_like"}}, {"model": "auth.permission", "pk": 15, "fields": {"name": "Can delete like", "content_type": 4, "codename": "delete_like"}}, {"model": "auth.permission", "pk": 16, "fields": {"name": "Can view like", "content_type": 4, "codename": "view_like"}}, {"model": "auth.permission", "pk": 17, "fields": {"name": "Can add share", "content_type": 5, "codename": "add_share"}}, {"model": "auth.permission", "pk": 18, "fields": {"name": "Can change share", "content_type": 5, "codename": "change_share"}}, {"model": "auth.permission", "pk": 19, "fields": {"name": "Can delete share", "content_type": 5, "codename": "delete_share"}}, {"model": "auth.permission", "pk": 20, "fields": {"name": "Can view share", "content_type": 5, "codename": "view_share"}}, {"model": "auth.permission", "pk": 21, "fields": {"name": "Can add save", "content_type": 6, "codename": "add_save"}}, {"model": "auth.permission", "pk": 22, "fields": {"name": "Can change save", "content_type": 6, "codename": "change_save"}}, {"model": "auth.permission", "pk": 23, "fields": {"name": "Can delete save", "content_type": 6, "codename": "delete_save"}}, {"model": "auth.permission", "pk": 24, "fields": {"name": "Can view save", "content_type": 6, "codename": "view_save"}}, {"model": "auth.permission", "pk": 25, "fields": {"name": "Can add report", "content_type": 7, "codename": "add_report"}}, {"model": "auth.permission", "pk": 26, "fields": {"name": "Can change report", "content_type": 7, "codename": "change_report"}}, {"model": "auth.permission", "pk": 27, "fields": {"name": "Can delete report", "content_type": 7, "codename": "delete_report"}}, {"model": "auth.permission", "pk": 28, "fields": {"name": "Can view report", "content_type": 7, "codename": "view_report"}}, {"model": "auth.permission", "pk": 29, "fields": {"name": "Can add user", "content_type": 8, "codename": "add_customuser"}}, {"model": "auth.permission", "pk": 30, "fields": {"name": "Can change user", "content_type": 8, "codename": "change_customuser"}}, {"model": "auth.permission", "pk": 31, "fields": {"name": "Can delete user", "content_type": 8, "codename": "delete_customuser"}}, {"model": "auth.permission", "pk": 32, "fields": {"name": "Can view user", "content_type": 8, "codename": "view_customuser"}}, {"model": "auth.permission", "pk": 33, "fields": {"name": "Can add profile", "content_type": 9, "codename": "add_profile"}}, {"model": "auth.permission", "pk": 34, "fields": {"name": "Can change profile", "content_type": 9, "codename": "change_profile"}}, {"model": "auth.permission", "pk": 35, "fields": {"name": "Can delete profile", "content_type": 9, "codename": "delete_profile"}}, {"model": "auth.permission", "pk": 36, "fields": {"name": "Can view profile", "content_type": 9, "codename": "view_profile"}}, {"model": "auth.permission", "pk": 37, "fields": {"name": "Can add connection", "content_type": 10, "codename": "add_connection"}}, {"model": "auth.permission", "pk": 38, "fields": {"name": "Can change connection", "content_type": 10, "codename": "change_connection"}}, {"model": "auth.permission", "pk": 39, "fields": {"name": "Can delete connection", "content_type": 10, "codename": "delete_connection"}}, {"model": "auth.permission", "pk": 40, "fields": {"name": "Can view connection", "content_type": 10, "codename": "view_connection"}}, {"model": "auth.permission", "pk": 41, "fields": {"name": "Can add request", "content_type": 11, "codename": "add_request"}}, {"model": "auth.permission", "pk": 42, "fields": {"name": "Can change request", "content_type": 11, "codename": "change_request"}}, {"model": "auth.permission", "pk": 43, "fields": {"name": "Can delete request", "content_type": 11, "codename": "delete_request"}}, {"model": "auth.permission", "pk": 44, "fields": {"name": "Can view request", "content_type": 11, "codename": "view_request"}}, {"model": "auth.permission", "pk": 45, "fields": {"name": "Can add relationship", "content_type": 12, "codename": "add_relationship"}}, {"model": "auth.permission", "pk": 46, "fields": {"name": "Can change relationship", "content_type": 12, "codename": "change_relationship"}}, {"model": "auth.permission", "pk": 47, "fields": {"name": "Can delete relationship", "content_type": 12, "codename": "delete_relationship"}}, {"model": "auth.permission", "pk": 48, "fields": {"name": "Can view relationship", "content_type": 12, "codename": "view_relationship"}}, {"model": "auth.permission", "pk": 49, "fields": {"name": "Can add block", "content_type": 13, "codename": "add_block"}}, {"model": "auth.permission", "pk": 50, "fields": {"name": "Can change block", "content_type": 13, "codename": "change_block"}}, {"model": "auth.permission", "pk": 51, "fields": {"name": "Can delete block", "content_type": 13, "codename": "delete_block"}}, {"model": "auth.permission", "pk": 52, "fields": {"name": "Can view block", "content_type": 13, "codename": "view_block"}}, {"model": "auth.permission", "pk": 53, "fields": {"name": "Can add log entry", "content_type": 14, "codename": "add_logentry"}}, {"model": "auth.permission", "pk": 54, "fields": {"name": "Can change log entry", "content_type": 14, "codename": "change_logentry"}}, {"model": "auth.permission", "pk": 55, "fields": {"name": "Can delete log entry", "content_type": 14, "codename": "delete_logentry"}}, {"model": "auth.permission", "pk": 56, "fields": {"name": "Can view log entry", "content_type": 14, "codename": "view_logentry"}}, {"model": "auth.permission", "pk": 57, "fields": {"name": "Can add permission", "content_type": 15, "codename": "add_permission"}}, {"model": "auth.permission", "pk": 58, "fields": {"name": "Can change permission", "content_type": 15, "codename": "change_permission"}}, {"model": "auth.permission", "pk": 59, "fields": {"name": "Can delete permission", "content_type": 15, "codename": "delete_permission"}}, {"model": "auth.permission", "pk": 60, "fields": {"name": "Can view permission", "content_type": 15, "codename": "view_permission"}}, {"model": "auth.permission", "pk": 61, "fields": {"name": "Can add group", "content_type": 16, "codename": "add_group"}}, {"model": "auth.permission", "pk": 62, "fields": {"name": "Can change group", "content_type": 16, "codename": "change_group"}}, {"model": "auth.permission", "pk": 63, "fields": {"name": "Can delete group", "content_type": 16, "codename": "delete_group"}}, {"model": "auth.permission", "pk": 64, "fields": {"name": "Can view group", "content_type": 16, "codename": "view_group"}}, {"model": "auth.permission", "pk": 65, "fields": {"name": "Can add content type", "content_type": 17, "codename": "add_contenttype"}}, {"model": "auth.permission", "pk": 66, "fields": {"name": "Can change content type", "content_type": 17, "codename": "change_contenttype"}}, {"model": "auth.permission", "pk": 67, "fields": {"name": "Can delete content type", "content_type": 17, "codename": "delete_contenttype"}}, {"model": "auth.permission", "pk": 68, "fields": {"name": "Can view content type", "content_type": 17, "codename": "view_contenttype"}}, {"model": "auth.permission", "pk": 69, "fields": {"name": "Can add session", "content_type": 18, "codename": "add_session"}}, {"model": "auth.permission", "pk": 70, "fields": {"name": "Can change session", "content_type": 18, "codename": "change_session"}}, {"model": "auth.permission", "pk": 71, "fields": {"name": "Can delete session", "content_type": 18, "codename": "delete_session"}}, {"model": "auth.permission", "pk": 72, "fields": {"name": "Can view session", "content_type": 18, "codename": "view_session"}}, {"model": "auth.permission", "pk": 73, "fields": {"name": "Can add post media", "content_type": 19, "codename": "add_postmedia"}}, {"model": "auth.permission", "pk": 74, "fields": {"name": "Can change post media", "content_type": 19, "codename": "change_postmedia"}}, {"model": "auth.permission", "pk": 75, "fields": {"name": "Can delete post media", "content_type": 19, "codename": "delete_postmedia"}}, {"model": "auth.permission", "pk": 76, "fields": {"name": "Can view post media", "content_type": 19, "codename": "view_postmedia"}}, {"model": "auth.permission", "pk": 77, "fields": {"name": "Can add group chat room", "content_type": 20, "codename": "add_groupchatroom"}}, {"model": "auth.permission", "pk": 78, "fields": {"name": "Can change group chat room", "content_type": 20, "codename": "change_groupchatroom"}}, {"model": "auth.permission", "pk": 79, "fields": {"name": "Can delete group chat room", "content_type": 20, "codename": "delete_groupchatroom"}}, {"model": "auth.permission", "pk": 80, "fields": {"name": "Can view group chat room", "content_type": 20, "codename": "view_groupchatroom"}}, {"model": "auth.permission", "pk": 81, "fields": {"name": "Can add chat room", "content_type": 21, "codename": "add_chatroom"}}, {"model": "auth.permission", "pk": 82, "fields": {"name": "Can change chat room", "content_type": 21, "codename": "change_chatroom"}}, {"model": "auth.permission", "pk": 83, "fields": {"name": "Can delete chat room", "content_type": 21, "codename": "delete_chatroom"}}, {"model": "auth.permission", "pk": 84, "fields": {"name": "Can view chat room", "content_type": 21, "codename": "view_chatroom"}}, {"model": "auth.permission", "pk": 85, "fields": {"name": "Can add chat", "content_type": 22, "codename": "add_chat"}}, {"model": "auth.permission", "pk": 86, "fields": {"name": "Can change chat", "content_type": 22, "codename": "change_chat"}}, {"model": "auth.permission", "pk": 87, "fields": {"name": "Can delete chat", "content_type": 22, "codename": "delete_chat"}}, {"model": "auth.permission", "pk": 88, "fields": {"name": "Can view chat", "content_type": 22, "codename": "view_chat"}}, {"model": "auth.permission", "pk": 89, "fields": {"name": "Can add client", "content_type": 23, "codename": "add_client"}}, {"model": "auth.permission", "pk": 90, "fields": {"name": "Can change client", "content_type": 23, "codename": "change_client"}}, {"model": "auth.permission", "pk": 91, "fields": {"name": "Can delete client", "content_type": 23, "codename": "delete_client"}}, {"model": "auth.permission", "pk": 92, "fields": {"name": "Can view client", "content_type": 23, "codename": "view_client"}}, {"model": "auth.permission", "pk": 93, "fields": {"name": "Can add notification", "content_type": 24, "codename": "add_notification"}}, {"model": "auth.permission", "pk": 94, "fields": {"name": "Can change notification", "content_type": 24, "codename": "change_notification"}}, {"model": "auth.permission", "pk": 95, "fields": {"name": "Can delete notification", "content_type": 24, "codename": "delete_notification"}}, {"model": "auth.permission", "pk": 96, "fields": {"name": "Can view notification", "content_type": 24, "codename": "view_notification"}}, {"model": "auth.permission", "pk": 97, "fields": {"name": "Can add client socket data", "content_type": 25, "codename": "add_clientsocketdata"}}, {"model": "auth.permission", "pk": 98, "fields": {"name": "Can change client socket data", "content_type": 25, "codename": "change_clientsocketdata"}}, {"model": "auth.permission", "pk": 99, "fields": {"name": "Can delete client socket data", "content_type": 25, "codename": "delete_clientsocketdata"}}, {"model": "auth.permission", "pk": 100, "fields": {"name": "Can view client socket data", "content_type": 25, "codename": "view_clientsocketdata"}}, {"model": "auth.permission", "pk": 101, "fields": {"name": "Can add verification", "content_type": 26, "codename": "add_verification"}}, {"model": "auth.permission", "pk": 102, "fields": {"name": "Can change verification", "content_type": 26, "codename": "change_verification"}}, {"model": "auth.permission", "pk": 103, "fields": {"name": "Can delete verification", "content_type": 26, "codename": "delete_verification"}}, {"model": "auth.permission", "pk": 104, "fields": {"name": "Can view verification", "content_type": 26, "codename": "view_verification"}}, {"model": "auth.permission", "pk": 105, "fields": {"name": "Can add Token", "content_type": 27, "codename": "add_token"}}, {"model": "auth.permission", "pk": 106, "fields": {"name": "Can change Token", "content_type": 27, "codename": "change_token"}}, {"model": "auth.permission", "pk": 107, "fields": {"name": "Can delete Token", "content_type": 27, "codename": "delete_token"}}, {"model": "auth.permission", "pk": 108, "fields": {"name": "Can view Token", "content_type": 27, "codename": "view_token"}}, {"model": "auth.permission", "pk": 109, "fields": {"name": "Can add token", "content_type": 28, "codename": "add_tokenproxy"}}, {"model": "auth.permission", "pk": 110, "fields": {"name": "Can change token", "content_type": 28, "codename": "change_tokenproxy"}}, {"model": "auth.permission", "pk": 111, "fields": {"name": "Can delete token", "content_type": 28, "codename": "delete_tokenproxy"}}, {"model": "auth.permission", "pk": 112, "fields": {"name": "Can view token", "content_type": 28, "codename": "view_tokenproxy"}}, {"model": "auth.permission", "pk": 113, "fields": {"name": "Can add site", "content_type": 29, "codename": "add_site"}}, {"model": "auth.permission", "pk": 114, "fields": {"name": "Can change site", "content_type": 29, "codename": "change_site"}}, {"model": "auth.permission", "pk": 115, "fields": {"name": "Can delete site", "content_type": 29, "codename": "delete_site"}}, {"model": "auth.permission", "pk": 116, "fields": {"name": "Can view site", "content_type": 29, "codename": "view_site"}}, {"model": "auth.permission", "pk": 117, "fields": {"name": "Can add email address", "content_type": 30, "codename": "add_emailaddress"}}, {"model": "auth.permission", "pk": 118, "fields": {"name": "Can change email address", "content_type": 30, "codename": "change_emailaddress"}}, {"model": "auth.permission", "pk": 119, "fields": {"name": "Can delete email address", "content_type": 30, "codename": "delete_emailaddress"}}, {"model": "auth.permission", "pk": 120, "fields": {"name": "Can view email address", "content_type": 30, "codename": "view_emailaddress"}}, {"model": "auth.permission", "pk": 121, "fields": {"name": "Can add email confirmation", "content_type": 31, "codename": "add_emailconfirmation"}}, {"model": "auth.permission", "pk": 122, "fields": {"name": "Can change email confirmation", "content_type": 31, "codename": "change_emailconfirmation"}}, {"model": "auth.permission", "pk": 123, "fields": {"name": "Can delete email confirmation", "content_type": 31, "codename": "delete_emailconfirmation"}}, {"model": "auth.permission", "pk": 124, "fields": {"name": "Can view email confirmation", "content_type": 31, "codename": "view_emailconfirmation"}}, {"model": "auth.permission", "pk": 125, "fields": {"name": "Can add social account", "content_type": 32, "codename": "add_socialaccount"}}, {"model": "auth.permission", "pk": 126, "fields": {"name": "Can change social account", "content_type": 32, "codename": "change_socialaccount"}}, {"model": "auth.permission", "pk": 127, "fields": {"name": "Can delete social account", "content_type": 32, "codename": "delete_socialaccount"}}, {"model": "auth.permission", "pk": 128, "fields": {"name": "Can view social account", "content_type": 32, "codename": "view_socialaccount"}}, {"model": "auth.permission", "pk": 129, "fields": {"name": "Can add social application", "content_type": 33, "codename": "add_socialapp"}}, {"model": "auth.permission", "pk": 130, "fields": {"name": "Can change social application", "content_type": 33, "codename": "change_socialapp"}}, {"model": "auth.permission", "pk": 131, "fields": {"name": "Can delete social application", "content_type": 33, "codename": "delete_socialapp"}}, {"model": "auth.permission", "pk": 132, "fields": {"name": "Can view social application", "content_type": 33, "codename": "view_socialapp"}}, {"model": "auth.permission", "pk": 133, "fields": {"name": "Can add social application token", "content_type": 34, "codename": "add_socialtoken"}}, {"model": "auth.permission", "pk": 134, "fields": {"name": "Can change social application token", "content_type": 34, "codename": "change_socialtoken"}}, {"model": "auth.permission", "pk": 135, "fields": {"name": "Can delete social application token", "content_type": 34, "codename": "delete_socialtoken"}}, {"model": "auth.permission", "pk": 136, "fields": {"name": "Can view social application token", "content_type": 34, "codename": "view_socialtoken"}}, {"model": "contenttypes.contenttype", "pk": 1, "fields": {"app_label": "app", "model": "post"}}, {"model": "contenttypes.contenttype", "pk": 2, "fields": {"app_label": "app", "model": "comment"}}, {"model": "contenttypes.contenttype", "pk": 3, "fields": {"app_label": "app", "model": "reply"}}, {"model": "contenttypes.contenttype", "pk": 4, "fields": {"app_label": "app", "model": "like"}}, {"model": "contenttypes.contenttype", "pk": 5, "fields": {"app_label": "app", "model": "share"}}, {"model": "contenttypes.contenttype", "pk": 6, "fields": {"app_label": "app", "model": "save"}}, {"model": "contenttypes.contenttype", "pk": 7, "fields": {"app_label": "app", "model": "report"}}, {"model": "contenttypes.contenttype", "pk": 8, "fields": {"app_label": "user", "model": "customuser"}}, {"model": "contenttypes.contenttype", "pk": 9, "fields": {"app_label": "user", "model": "profile"}}, {"model": "contenttypes.contenttype", "pk": 10, "fields": {"app_label": "user", "model": "connection"}}, {"model": "contenttypes.contenttype", "pk": 11, "fields": {"app_label": "user", "model": "request"}}, {"model": "contenttypes.contenttype", "pk": 12, "fields": {"app_label": "user", "model": "relationship"}}, {"model": "contenttypes.contenttype", "pk": 13, "fields": {"app_label": "user", "model": "block"}}, {"model": "contenttypes.contenttype", "pk": 14, "fields": {"app_label": "admin", "model": "logentry"}}, {"model": "contenttypes.contenttype", "pk": 15, "fields": {"app_label": "auth", "model": "permission"}}, {"model": "contenttypes.contenttype", "pk": 16, "fields": {"app_label": "auth", "model": "group"}}, {"model": "contenttypes.contenttype", "pk": 17, "fields": {"app_label": "contenttypes", "model": "contenttype"}}, {"model": "contenttypes.contenttype", "pk": 18, "fields": {"app_label": "sessions", "model": "session"}}, {"model": "contenttypes.contenttype", "pk": 19, "fields": {"app_label": "app", "model": "postmedia"}}, {"model": "contenttypes.contenttype", "pk": 20, "fields": {"app_label": "realtime", "model": "groupchatroom"}}, {"model": "contenttypes.contenttype", "pk": 21, "fields": {"app_label": "realtime", "model": "chatroom"}}, {"model": "contenttypes.contenttype", "pk": 22, "fields": {"app_label": "realtime", "model": "chat"}}, {"model": "contenttypes.contenttype", "pk": 23, "fields": {"app_label": "realtime", "model": "client"}}, {"model": "contenttypes.contenttype", "pk": 24, "fields": {"app_label": "realtime", "model": "notification"}}, {"model": "contenttypes.contenttype", "pk": 25, "fields": {"app_label": "realtime", "model": "clientsocketdata"}}, {"model": "contenttypes.contenttype", "pk": 26, "fields": {"app_label": "user", "model": "verification"}}, {"model": "contenttypes.contenttype", "pk": 27, "fields": {"app_label": "authtoken", "model": "token"}}, {"model": "contenttypes.contenttype", "pk": 28, "fields": {"app_label": "authtoken", "model": "tokenproxy"}}, {"model": "contenttypes.contenttype", "pk": 29, "fields": {"app_label": "sites", "model": "site"}}, {"model": "contenttypes.contenttype", "pk": 30, "fields": {"app_label": "account", "model": "emailaddress"}}, {"model": "contenttypes.contenttype", "pk": 31, "fields": {"app_label": "account", "model": "emailconfirmation"}}, {"model": "contenttypes.contenttype", "pk": 32, "fields": {"app_label": "socialaccount", "model": "socialaccount"}}, {"model": "contenttypes.contenttype", "pk": 33, "fields": {"app_label": "socialaccount", "model": "socialapp"}}, {"model": "contenttypes.contenttype", "pk": 34, "fields": {"app_label": "socialaccount", "model": "socialtoken"}}, {"model": "sessions.session", "pk": "0zx3xosdt55fr7bw6dtvjb42spjigtkv", "fields": {"session_data": ".eJxVjDsOwjAQBe_iGln2-ocp6XMGa-1d4wCKpXwqxN0hUgpo38y8l0i4rS1tC89pJHERWpx-t4zlwdMO6I7TrcvSp3Ues9wVedBFDp34eT3cv4OGS_vW1SFwZMXRBO0ALIAqGbwvTgejOVblGB2hD9EabTJgYTZAFs9UM4n3B83iN_E:1p7EyY:L41AXTJG34re41S3FrOYDvnDHZ86Mp4Wu-rD510ZFHQ", "expire_date": "2023-01-02T12:10:34.538Z"}}, {"model": "sessions.session", "pk": "4o1titosrtp1rq3ksbo9zazse21tcxuf", "fields": {"session_data": ".eJxVjEEOwiAQAP_C2ZBSCiwevfcNZFkWqRqalPZk_Lsh6UGvM5N5i4DHXsLReAtLElehxOWXRaQn1y7SA-t9lbTWfVui7Ik8bZPzmvh1O9u_QcFW-tYrA2iTcTAlg6yU19oCUAbyk9ODRatx1JCZyCs_2DGyYwuUQLPP4vMFvu43ag:1pchgc:F3jRo1rmfdSMG1iRO1hH1CO5ku0vyz6xu-DQ3IbVlaY", "expire_date": "2023-03-30T07:06:06.500Z"}}, {"model": "sessions.session", "pk": "6yxamn1n9auu9ade12arr0fpa2ckbjhv", "fields": {"session_data": ".eJxVjDsOwjAQBe_iGln2-ocp6XMGa-1d4wCKpXwqxN0hUgpo38y8l0i4rS1tC89pJHERWpx-t4zlwdMO6I7TrcvSp3Ues9wVedBFDp34eT3cv4OGS_vW1SFwZMXRBO0ALIAqGbwvTgejOVblGB2hD9EabTJgYTZAFs9UM4n3B83iN_E:1pKVHV:1T6d-ae4K99-6vuNX6q5VtkTBR3ZGzXNLgPVls8Y8wo", "expire_date": "2023-02-08T02:12:57.364Z"}}, {"model": "sessions.session", "pk": "b3oilrlnf9v5e7bz8grq4crq3c2ngbed", "fields": {"session_data": ".eJxVjDsOwjAQBe_iGln2-ocp6XMGa-1d4wCKpXwqxN0hUgpo38y8l0i4rS1tC89pJHERWpx-t4zlwdMO6I7TrcvSp3Ues9wVedBFDp34eT3cv4OGS_vW1SFwZMXRBO0ALIAqGbwvTgejOVblGB2hD9EabTJgYTZAFs9UM4n3B83iN_E:1pCIzq:dODiHoIT0_g-7RhmPaWyIiZiv1icvSuy7_uG9ZG0_Pg", "expire_date": "2023-01-16T11:28:50.697Z"}}, {"model": "sessions.session", "pk": "dl46gdhxjh5v5mmfdg352jgv4linvb8k", "fields": {"session_data": ".eJxVjDsOwjAQBe_iGln2-ocp6XMGa-1d4wCKpXwqxN0hUgpo38y8l0i4rS1tC89pJHERWpx-t4zlwdMO6I7TrcvSp3Ues9wVedBFDp34eT3cv4OGS_vW1SFwZMXRBO0ALIAqGbwvTgejOVblGB2hD9EabTJgYTZAFs9UM4n3B83iN_E:1pVUDa:zepsT3jARKbHwH14aRl1sBLCkBtYjV-7v0tHEPcQuP4", "expire_date": "2023-03-10T09:18:18.518Z"}}, {"model": "sessions.session", "pk": "enouyk427bjnvnwn8s9jcudmm4x6v01w", "fields": {"session_data": ".eJxVjDsOwjAQBe_iGln2-ocp6XMGa-1d4wCKpXwqxN0hUgpo38y8l0i4rS1tC89pJHERWpx-t4zlwdMO6I7TrcvSp3Ues9wVedBFDp34eT3cv4OGS_vW1SFwZMXRBO0ALIAqGbwvTgejOVblGB2hD9EabTJgYTZAFs9UM4n3B83iN_E:1pJ8ZB:5uP16BcSfhkqqz5eFRa0uJT4Vg6c_r38u5YINoXztEw", "expire_date": "2023-02-04T07:45:33.070Z"}}, {"model": "sessions.session", "pk": "j9wzddngd3yvhuctz97heg3h3q3vzqi7", "fields": {"session_data": ".eJxVjDsOwjAQBe_iGln2-ocp6XMGa-1d4wCKpXwqxN0hUgpo38y8l0i4rS1tC89pJHERWpx-t4zlwdMO6I7TrcvSp3Ues9wVedBFDp34eT3cv4OGS_vW1SFwZMXRBO0ALIAqGbwvTgejOVblGB2hD9EabTJgYTZAFs9UM4n3B83iN_E:1pPHzb:rU9PY0rMQG74w-oEAAe9mVsuP4DlsxMgBBADDZrR-pw", "expire_date": "2023-02-21T07:02:15.045Z"}}, {"model": "sessions.session", "pk": "jj80qazyczlm4e8bhbblr9ej2golfo3y", "fields": {"session_data": ".eJxVjEEOwiAQAP_C2ZBSCiwevfcNZFkWqRqalPZk_Lsh6UGvM5N5i4DHXsLReAtLElehxOWXRaQn1y7SA-t9lbTWfVui7Ik8bZPzmvh1O9u_QcFW-tYrA2iTcTAlg6yU19oCUAbyk9ODRatx1JCZyCs_2DGyYwuUQLPP4vMFvu43ag:1pfSWq:CacDr-HLTD9HDDyak2m94BXiKUHKvOa792QXlFgtEuQ", "expire_date": "2023-04-06T21:31:24.155Z"}}]